Sample Number (10000 samples per second),LoadCell (),X1 (),X2 (),X3 (),EPOSPosition (),EPOSCurrent (),Encoder (),Time (ms)
0,0.0,0.0,0.0,0.0,-2.0,135.0,0.0,360.0
1,0.0,0.0,0.0,0.0,-3.0,353.0,0.0,410.0
2,0.0,0.0,0.0,0.0,-3.0,8.0,0.0,460.0
3,0.0,0.0,0.0,0.0,-3.0,65290.0,0.0,510.0
4,0.0,0.0,0.0,0.0,-3.0,1.0,0.0,562.0
5,0.0,0.0,0.0,0.0,-3.0,65535.0,0.0,612.0
6,0.0,0.0,0.0,0.0,-3.0,516.0,0.0,662.0
7,0.0,0.0,0.0,0.0,-3.0,17.0,0.0,712.0
8,0.0,0.0,0.0,0.0,-2.0,65427.0,0.0,763.0
9,0.0,0.0,0.0,0.0,-1.0,61.0,0.0,814.0
10,0.0,0.0,0.0,0.0,-2.0,65072.0,0.0,864.0
11,0.0,0.0,0.0,0.0,-3.0,281.0,0.0,914.0
12,0.0,0.0,0.0,0.0,-3.0,524.0,0.0,964.0
13,0.0,0.0,0.0,0.0,-2.0,65354.0,0.0,1015.0
14,0.0,0.0,0.0,0.0,-4.0,977.0,0.0,1065.0
15,0.0,0.0,0.0,0.0,-3.0,65526.0,0.0,1116.0
16,0.0,0.0,0.0,0.0,-3.0,8.0,0.0,1166.0
17,0.0,0.0,0.0,0.0,-3.0,65535.0,0.0,1217.0
18,0.0,0.0,0.0,0.0,-1.0,64472.0,0.0,1267.0
19,0.0,0.0,0.0,0.0,-2.0,65209.0,0.0,1317.0
20,0.0,0.0,0.0,0.0,-3.0,72.0,0.0,1368.0
21,0.0,0.0,0.0,0.0,-3.0,18.0,0.0,1418.0
22,0.0,0.0,0.0,0.0,-3.0,65535.0,0.0,1469.0
23,0.0,0.0,0.0,0.0,-3.0,27.0,0.0,1519.0
24,0.0,0.0,0.0,0.0,-3.0,65535.0,0.0,1569.0
25,0.0,0.0,0.0,0.0,-1.0,64953.0,0.0,1619.0
26,0.0,0.0,0.0,0.0,-4.0,1122.0,0.0,1671.0
27,0.0,0.0,0.0,0.0,-2.0,65209.0,0.0,1721.0
28,0.0,0.0,0.0,0.0,-2.0,65037.0,0.0,1771.0
29,0.0,0.0,0.0,0.0,-3.0,752.0,0.0,1821.0
30,0.0,0.0,0.0,0.0,-3.0,8.0,0.0,1871.0
31,0.0,0.0,0.0,0.0,-3.0,8.0,0.0,1923.0
32,0.0,0.0,0.0,0.0,-3.0,65535.0,0.0,1973.0
33,0.0,0.0,0.0,0.0,-3.0,65526.0,0.0,2024.0
34,0.0,0.0,0.0,0.0,-3.0,9.0,0.0,2073.0
35,0.0,0.0,0.0,0.0,-3.0,27.0,0.0,2124.0
36,0.0,0.0,0.0,0.0,-2.0,453.0,0.0,2174.0
37,0.0,0.0,0.0,0.0,-3.0,8.0,0.0,2225.0
38,0.0,0.0,0.0,0.0,-3.0,65263.0,0.0,2276.0
39,0.0,0.0,0.0,0.0,-2.0,65518.0,0.0,2326.0
40,0.0,0.0,0.0,0.0,-2.0,65154.0,0.0,2376.0
41,0.0,0.0,0.0,0.0,-3.0,45.0,0.0,2426.0
42,0.0,0.0,0.0,0.0,-3.0,797.0,0.0,2477.0
43,0.0,0.0,0.0,0.0,-4.0,834.0,0.0,2528.0
44,0.0,0.0,0.0,0.0,-2.0,65325.0,0.0,2578.0
45,0.0,0.0,0.0,0.0,-2.0,64937.0,0.0,2628.0
46,0.0,0.0,0.0,0.0,-1.0,64174.0,0.0,2678.0
47,0.0,0.0,0.0,0.0,-3.0,44.0,0.0,2728.0
48,0.0,0.0,0.0,0.0,-3.0,36.0,0.0,2780.0
49,0.0,0.0,0.0,0.0,-3.0,44.0,0.0,2830.0
50,0.0,0.0,0.0,0.0,-2.0,127.0,0.0,2880.0
51,0.0,0.0,0.0,0.0,-2.0,65454.0,0.0,2930.0
52,0.0,0.0,0.0,0.0,-1.0,65481.0,0.0,2981.0
53,0.0,0.0,0.0,0.0,-3.0,53.0,0.0,3032.0
54,0.0,0.0,0.0,0.0,-3.0,27.0,0.0,3082.0
55,0.0,0.0,0.0,0.0,-3.0,18.0,0.0,3132.0
56,0.0,0.0,0.0,0.0,-3.0,65535.0,0.0,3183.0
57,0.0,0.0,0.0,0.0,-3.0,18.0,0.0,3233.0
58,0.0,0.0,0.0,0.0,-3.0,27.0,0.0,3283.0
59,0.0,0.0,0.0,0.0,-2.0,65390.0,0.0,3334.0
60,0.0,0.0,0.0,0.0,-3.0,27.0,0.0,3384.0
61,0.0,0.0,0.0,0.0,-3.0,27.0,0.0,3435.0
62,0.0,0.0,0.0,0.0,-3.0,18.0,0.0,3485.0
63,0.0,0.0,0.0,0.0,-3.0,64865.0,0.0,3535.0
64,0.0,0.0,0.0,0.0,-1.0,64308.0,0.0,3586.0
65,0.0,0.0,0.0,0.0,-3.0,226.0,0.0,3637.0
66,0.0,0.0,0.0,0.0,-1.0,64852.0,0.0,3687.0
67,0.0,0.0,0.0,0.0,-2.0,65483.0,0.0,3737.0
68,0.0,0.0,0.0,0.0,-2.0,443.0,0.0,3787.0
69,0.0,0.0,0.0,0.0,-2.0,65437.0,0.0,3838.0
70,0.0,0.0,0.0,0.0,-3.0,27.0,0.0,3889.0
71,0.0,0.0,0.0,0.0,-3.0,65535.0,0.0,3939.0
72,0.0,0.0,0.0,0.0,-3.0,18.0,0.0,3989.0
73,0.0,0.0,0.0,0.0,-3.0,8.0,0.0,4039.0
74,0.0,0.0,0.0,0.0,-3.0,733.0,0.0,4090.0
75,0.0,0.0,0.0,0.0,-3.0,18.0,0.0,4141.0
76,0.0,0.0,0.0,0.0,-3.0,65526.0,0.0,4191.0
77,0.0,0.0,0.0,0.0,-2.0,64529.0,0.0,4241.0
78,0.0,0.0,0.0,0.0,-3.0,8.0,0.0,4291.0
79,0.0,0.0,0.0,0.0,-2.0,199.0,0.0,4342.0
80,0.0,0.0,0.0,0.0,-2.0,65138.0,0.0,4392.0
81,0.0,0.0,0.0,0.0,-2.0,65455.0,0.0,4443.0
82,0.0,0.0,0.0,0.0,-2.0,65346.0,0.0,4494.0
83,0.0,0.0,0.0,0.0,-2.0,362.0,0.0,4544.0
84,0.0,0.0,0.0,0.0,-3.0,824.0,0.0,4594.0
85,0.0,0.0,0.0,0.0,-3.0,199.0,0.0,4644.0
86,0.0,0.0,0.0,0.0,-3.0,408.0,0.0,4695.0
87,0.0,0.0,0.0,0.0,-3.0,9.0,0.0,4746.0
88,0.0,0.0,0.0,0.0,-3.0,108.0,0.0,4796.0
89,50.0,0.0,0.0,2500.0,-2.0,370.0,0.0,4846.0
90,50.0,0.0,12.5,1875.0,-3.0,27.0,0.0,4897.0
91,50.0,0.06,21.87,1375.0,-3.0,36.0,0.0,4947.0
92,50.0,0.17,28.75,976.56,139.0,3306.0,0.0,4998.0
93,50.0,0.32,33.63,660.55,741.0,3760.0,0.0,5048.0
94,50.0,0.48,36.94,411.33,1745.0,902.0,0.0,5099.0
95,50.0,0.67,38.99,216.16,2928.0,1405.0,0.0,5149.0
96,50.0,0.86,40.07,64.64,4280.0,751.0,0.0,5199.0
97,50.0,1.06,40.4,-51.7,5773.0,468.0,0.0,5250.0
98,50.0,1.27,40.14,-139.77,7393.0,161.0,0.0,5301.0
99,50.0,1.47,39.44,-205.17,9093.0,65221.0,0.0,5351.0
100,50.0,1.66,38.41,-252.47,10868.0,64734.0,0.0,5401.0
101,50.0,1.86,37.15,-285.39,12685.0,64931.0,0.0,5451.0
102,50.0,2.04,35.72,-306.92,14532.0,65182.0,0.0,5502.0
103,50.0,2.22,34.19,-319.5,16382.0,64745.0,0.0,5553.0
104,50.0,2.39,32.59,-325.1,18233.0,64767.0,0.0,5603.0
105,50.0,2.55,30.97,-325.3,20057.0,64328.0,0.0,5653.0
106,50.0,2.71,29.34,-321.39,22203.0,63500.0,0.0,5704.0
107,50.0,2.86,27.73,-314.39,23939.0,63996.0,0.0,5754.0
108,50.0,2.99,26.16,-305.13,25621.0,63862.0,0.0,5805.0
109,50.0,3.12,24.64,-294.25,27245.0,63765.0,0.0,5855.0
110,50.0,3.25,23.16,-282.27,28792.0,64138.0,0.0,5906.0
111,50.0,3.36,21.75,-269.61,30270.0,64724.0,0.0,5956.0
112,50.0,3.47,20.4,-256.59,31668.0,64227.0,0.0,6006.0
113,50.0,3.57,19.12,-243.45,32990.0,63792.0,0.0,6056.0
114,50.0,3.67,17.9,-230.39,34225.0,63675.0,0.0,6107.0
115,50.0,3.76,16.75,-217.56,35385.0,63388.0,0.0,6158.0
116,50.0,3.84,15.66,-205.05,36459.0,64236.0,0.0,6208.0
117,50.0,3.92,14.64,-192.95,37464.0,63228.0,0.0,6258.0
118,50.0,4.0,13.67,-181.31,38387.0,63711.0,0.0,6308.0
119,50.0,4.06,12.77,-170.17,39246.0,63739.0,0.0,6360.0
120,50.0,4.13,11.92,-159.54,40035.0,63562.0,0.0,6410.0
121,50.0,4.19,11.12,-149.45,40766.0,63231.0,0.0,6460.0
122,50.0,4.24,10.37,-139.89,41443.0,62748.0,0.0,6510.0
123,50.0,4.29,9.67,-130.85,42060.0,63543.0,0.0,6561.0
124,50.0,4.34,9.02,-122.32,42634.0,63138.0,0.0,6611.0
125,50.0,4.39,8.41,-114.28,43159.0,63887.0,0.0,6662.0
126,50.0,4.43,7.84,-106.73,43650.0,63499.0,0.0,6712.0
127,50.0,4.47,7.3,-99.64,44097.0,63500.0,0.0,6762.0
128,50.0,4.51,6.8,-92.98,44518.0,63672.0,0.0,6813.0
129,50.0,4.54,6.34,-86.74,44902.0,63108.0,0.0,6863.0
130,50.0,4.57,5.9,-80.91,45266.0,63249.0,0.0,6914.0
131,50.0,4.6,5.5,-75.44,45660.0,63273.0,0.0,6964.0
132,50.0,4.63,5.12,-70.33,45969.0,63061.0,0.0,7015.0
133,50.0,4.65,4.77,-65.56,46248.0,63246.0,0.0,7065.0
134,50.0,4.68,4.44,-61.1,46514.0,63202.0,0.0,7115.0
135,50.0,4.7,4.14,-56.93,46761.0,63321.0,0.0,7165.0
136,50.0,4.72,3.85,-53.04,46983.0,63085.0,0.0,7216.0
137,50.0,4.74,3.59,-49.42,47197.0,63186.0,0.0,7267.0
138,50.0,4.76,3.34,-46.03,47388.0,62566.0,0.0,7317.0
139,50.0,4.77,3.11,-42.88,47573.0,62904.0,0.0,7367.0
140,50.0,4.79,2.9,-39.94,47740.0,62657.0,0.0,7417.0
141,50.0,4.8,2.7,-37.19,47899.0,63487.0,0.0,7469.0
142,50.0,4.82,2.51,-34.64,48039.0,63490.0,0.0,7519.0
143,50.0,4.83,2.34,-32.26,48183.0,63437.0,0.0,7569.0
144,50.0,4.84,2.18,-30.04,48298.0,62756.0,0.0,7619.0
145,50.0,4.85,2.03,-27.97,48426.0,62878.0,0.0,7669.0
146,50.0,4.86,1.89,-26.04,48533.0,62993.0,0.0,7720.0
147,50.0,4.87,1.76,-24.25,48634.0,62872.0,0.0,7771.0
148,50.0,4.88,1.64,-22.58,48729.0,63351.0,0.0,7821.0
149,50.0,4.89,1.52,-21.02,48818.0,63474.0,0.0,7871.0
150,50.0,4.9,1.42,-19.57,48892.0,64095.0,0.0,7922.0
151,50.0,4.9,1.32,-18.22,48973.0,63421.0,0.0,7972.0
152,50.0,4.91,1.23,-16.96,49047.0,63555.0,0.0,8023.0
153,50.0,4.92,1.14,-15.79,49110.0,63728.0,0.0,8073.0
154,50.0,4.92,1.06,-14.7,49176.0,62941.0,0.0,8124.0
155,50.0,4.93,0.99,-13.69,49239.0,63044.0,0.0,8174.0
156,50.0,4.93,0.92,-12.74,49292.0,64155.0,0.0,8224.0
157,50.0,4.94,0.86,-11.86,49342.0,63795.0,0.0,8274.0
158,50.0,4.94,0.8,-11.04,49384.0,64797.0,0.0,8325.0
159,50.0,4.95,0.74,-10.28,49429.0,64243.0,0.0,8376.0
160,50.0,4.95,0.69,-9.57,49465.0,561.0,0.0,8426.0
161,50.0,4.95,0.64,-8.91,49505.0,65106.0,0.0,8476.0
162,50.0,4.96,0.6,-8.3,49538.0,276.0,0.0,8526.0
163,50.0,4.96,0.56,-7.72,49566.0,957.0,0.0,8577.0
164,50.0,4.96,0.52,-7.19,49598.0,65420.0,0.0,8628.0
165,50.0,4.96,0.48,-6.69,49624.0,775.0,0.0,8678.0
166,50.0,4.97,0.45,-6.23,49650.0,338.0,0.0,8728.0
167,50.0,4.97,0.42,-5.8,49674.0,785.0,0.0,8778.0
168,50.0,4.97,0.39,-5.4,49698.0,64793.0,0.0,8829.0
169,50.0,4.97,0.36,-5.03,49717.0,992.0,0.0,8880.0
170,50.0,4.98,0.34,-4.68,49734.0,2024.0,0.0,8930.0
171,50.0,4.98,0.32,-4.36,49758.0,17.0,0.0,8980.0
172,50.0,4.98,0.29,-4.05,49771.0,621.0,0.0,9030.0
173,50.0,4.98,0.27,-3.77,49787.0,65467.0,0.0,9081.0
174,50.0,4.98,0.25,-3.51,49800.0,601.0,0.0,9132.0
175,50.0,4.98,0.24,-3.27,49817.0,210.0,0.0,9182.0
176,50.0,4.98,0.22,-3.04,49826.0,804.0,0.0,9232.0
177,50.0,4.99,0.21,-2.83,49841.0,172.0,0.0,9283.0
178,50.0,4.99,0.19,-2.64,49847.0,712.0,0.0,9333.0
179,50.0,4.99,0.18,-2.46,49858.0,528.0,0.0,9383.0
180,50.0,4.99,0.17,-2.29,49872.0,65501.0,0.0,9434.0
181,50.0,4.99,0.15,-2.13,49878.0,279.0,0.0,9485.0
182,50.0,4.99,0.14,-1.98,49886.0,65434.0,0.0,9535.0
183,50.0,4.99,0.13,-1.84,49895.0,692.0,0.0,9585.0
184,50.0,4.99,0.12,-1.72,49900.0,322.0,0.0,9635.0
185,50.0,4.99,0.12,-1.6,49905.0,1089.0,0.0,9686.0
186,50.0,4.99,0.11,-1.49,49912.0,579.0,0.0,9737.0
187,50.0,4.99,0.1,-1.39,49926.0,65297.0,0.0,9787.0
188,50.0,4.99,0.09,-1.29,49929.0,141.0,0.0,9837.0
189,50.0,4.99,0.09,-1.2,49930.0,96.0,0.0,9887.0
190,50.0,4.99,0.08,-1.12,49933.0,111.0,0.0,9938.0
191,50.0,4.99,0.08,-1.04,49937.0,969.0,0.0,9989.0
192,50.0,4.99,0.07,-0.97,49942.0,576.0,0.0,10039.0
193,50.0,5.0,0.07,-0.9,49952.0,65327.0,0.0,10089.0
194,50.0,5.0,0.06,-0.84,49953.0,65360.0,0.0,10140.0
195,50.0,5.0,0.06,-0.78,49954.0,83.0,0.0,10190.0
196,50.0,5.0,0.05,-0.73,49956.0,250.0,0.0,10241.0
197,50.0,5.0,0.05,-0.68,49956.0,481.0,0.0,10291.0
198,50.0,5.0,0.05,-0.63,49959.0,752.0,0.0,10341.0
199,50.0,5.0,0.04,-0.59,49962.0,563.0,0.0,10392.0
200,50.0,5.0,0.04,-0.55,49966.0,65349.0,0.0,10442.0
201,50.0,5.0,0.04,-0.51,49968.0,826.0,0.0,10492.0
202,50.0,5.0,0.03,-0.47,49974.0,284.0,0.0,10543.0
203,50.0,5.0,0.03,-0.44,49976.0,275.0,0.0,10594.0
204,50.0,5.0,0.03,-0.41,49976.0,65487.0,0.0,10644.0
205,50.0,5.0,0.03,-0.38,49977.0,65381.0,0.0,10694.0
206,50.0,5.0,0.03,-0.36,49979.0,64600.0,0.0,10744.0
207,50.0,5.0,0.02,-0.33,49979.0,65086.0,0.0,10796.0
208,50.0,5.0,0.02,-0.31,49980.0,65045.0,0.0,10846.0
209,50.0,5.0,0.02,-0.29,49982.0,64582.0,0.0,10896.0
210,50.0,5.0,0.02,-0.27,49981.0,65396.0,0.0,10946.0
211,50.0,5.0,0.02,-0.25,49982.0,18.0,0.0,10996.0
212,50.0,5.0,0.02,-0.23,49984.0,65012.0,0.0,11047.0
213,50.0,5.0,0.02,-0.21,49983.0,193.0,0.0,11098.0
214,50.0,5.0,0.01,-0.2,49985.0,65384.0,0.0,11148.0
215,50.0,5.0,0.01,-0.19,49986.0,65524.0,0.0,11198.0
216,50.0,5.0,0.01,-0.17,49989.0,65372.0,0.0,11249.0
217,50.0,5.0,0.01,-0.16,49988.0,65421.0,0.0,11299.0
218,50.0,5.0,0.01,-0.15,49988.0,242.0,0.0,11350.0
219,50.0,5.0,0.01,-0.14,49988.0,459.0,0.0,11400.0
220,50.0,5.0,0.01,-0.13,49988.0,342.0,0.0,11450.0
221,50.0,5.0,0.01,-0.12,49989.0,524.0,0.0,11501.0
222,50.0,5.0,0.01,-0.11,49988.0,1615.0,0.0,11551.0
223,50.0,5.0,0.01,-0.11,49991.0,490.0,0.0,11601.0
224,50.0,5.0,0.01,-0.1,49992.0,891.0,0.0,11652.0
225,50.0,5.0,0.01,-0.09,49992.0,525.0,0.0,11703.0
226,50.0,5.0,0.01,-0.08,49994.0,65533.0,0.0,11753.0
227,50.0,5.0,0.01,-0.08,49993.0,146.0,0.0,11803.0
228,50.0,5.0,0.01,-0.07,49992.0,332.0,0.0,11853.0
229,50.0,5.0,0.0,-0.07,49993.0,461.0,0.0,11904.0
230,50.0,5.0,0.0,-0.06,49993.0,491.0,0.0,11955.0
231,50.0,5.0,0.0,-0.06,49995.0,86.0,0.0,12005.0
232,50.0,5.0,0.0,-0.06,49995.0,415.0,0.0,12055.0
233,50.0,5.0,0.0,-0.05,49996.0,64936.0,0.0,12105.0
234,50.0,5.0,0.0,-0.05,49995.0,310.0,0.0,12156.0
235,50.0,5.0,0.0,-0.04,49995.0,276.0,0.0,12207.0
236,50.0,5.0,0.0,-0.04,49995.0,216.0,0.0,12257.0
237,50.0,5.0,0.0,-0.04,49994.0,991.0,0.0,12307.0
238,50.0,5.0,0.0,-0.04,49994.0,233.0,0.0,12357.0
239,50.0,5.0,0.0,-0.03,49994.0,438.0,0.0,12408.0
240,50.0,5.0,0.0,-0.03,49995.0,317.0,0.0,12459.0
241,50.0,5.0,0.0,-0.03,49995.0,0.0,0.0,12509.0
242,50.0,5.0,0.0,-0.03,49995.0,415.0,0.0,12559.0
243,50.0,5.0,0.0,-0.03,49995.0,407.0,0.0,12610.0
244,50.0,5.0,0.0,-0.02,49995.0,525.0,0.0,12660.0
245,50.0,5.0,0.0,-0.02,49995.0,417.0,0.0,12710.0
246,50.0,5.0,0.0,-0.02,49995.0,428.0,0.0,12761.0
247,50.0,5.0,0.0,-0.02,49995.0,425.0,0.0,12812.0
248,50.0,5.0,0.0,-0.02,49997.0,65291.0,0.0,12862.0
249,50.0,5.0,0.0,-0.02,49996.0,507.0,0.0,12912.0
250,50.0,5.0,0.0,-0.02,49998.0,64493.0,0.0,12962.0
251,50.0,5.0,0.0,-0.01,49999.0,65141.0,0.0,13014.0
252,50.0,5.0,0.0,-0.01,49997.0,226.0,0.0,13064.0
253,50.0,5.0,0.0,-0.01,49997.0,163.0,0.0,13114.0
254,50.0,5.0,0.0,-0.01,49996.0,279.0,0.0,13164.0
255,50.0,5.0,0.0,-0.01,49996.0,227.0,0.0,13214.0
256,50.0,5.0,0.0,-0.01,49997.0,64648.0,0.0,13265.0
257,50.0,5.0,0.0,-0.01,49996.0,229.0,0.0,13316.0
258,50.0,5.0,0.0,-0.01,49996.0,246.0,0.0,13366.0
259,50.0,5.0,0.0,-0.01,49996.0,263.0,0.0,13416.0
260,50.0,5.0,0.0,-0.01,49997.0,544.0,0.0,13467.0
261,50.0,5.0,0.0,-0.01,49996.0,254.0,0.0,13517.0
262,50.0,5.0,0.0,-0.01,49996.0,263.0,0.0,13568.0
263,50.0,5.0,0.0,-0.01,49996.0,279.0,0.0,13618.0
264,50.0,5.0,0.0,-0.01,49996.0,245.0,0.0,13668.0
265,50.0,5.0,0.0,-0.01,49996.0,270.0,0.0,13719.0
266,50.0,5.0,0.0,-0.0,49996.0,270.0,0.0,13769.0
267,50.0,5.0,0.0,-0.0,49996.0,309.0,0.0,13819.0
268,50.0,5.0,0.0,-0.0,49996.0,638.0,0.0,13870.0
269,50.0,5.0,0.0,-0.0,49997.0,634.0,0.0,13921.0
270,50.0,5.0,0.0,-0.0,49996.0,271.0,0.0,13971.0
271,50.0,5.0,0.0,-0.0,49997.0,561.0,0.0,14021.0
272,50.0,5.0,0.0,-0.0,49996.0,287.0,0.0,14071.0
273,50.0,5.0,0.0,-0.0,49997.0,65300.0,0.0,14123.0
274,50.0,5.0,0.0,-0.0,49997.0,65337.0,0.0,14173.0
275,50.0,5.0,0.0,-0.0,49996.0,271.0,0.0,14223.0
276,50.0,5.0,0.0,-0.0,49996.0,1457.0,0.0,14273.0
277,50.0,5.0,0.0,-0.0,49996.0,199.0,0.0,14324.0
278,50.0,5.0,0.0,-0.0,49996.0,289.0,0.0,14374.0
279,50.0,5.0,0.0,-0.0,49996.0,261.0,0.0,14425.0
280,50.0,5.0,0.0,-0.0,49996.0,255.0,0.0,14475.0
281,50.0,5.0,0.0,-0.0,49996.0,254.0,0.0,14525.0
282,50.0,5.0,0.0,-0.0,49996.0,279.0,0.0,14576.0
283,50.0,5.0,0.0,-0.0,49996.0,281.0,0.0,14626.0
284,50.0,5.0,0.0,-0.0,49996.0,463.0,0.0,14676.0
285,50.0,5.0,0.0,-0.0,49996.0,281.0,0.0,14727.0
286,50.0,5.0,0.0,-0.0,49997.0,706.0,0.0,14777.0
287,50.0,5.0,0.0,-0.0,49999.0,64664.0,0.0,14828.0
288,50.0,5.0,0.0,-0.0,49997.0,615.0,0.0,14878.0
289,50.0,5.0,0.0,-0.0,49997.0,136.0,0.0,14928.0
290,50.0,5.0,0.0,-0.0,49997.0,65526.0,0.0,14979.0
291,50.0,5.0,0.0,-0.0,49996.0,227.0,0.0,15030.0
292,50.0,5.0,0.0,-0.0,49996.0,225.0,0.0,15080.0
293,50.0,5.0,0.0,-0.0,49997.0,44.0,0.0,15130.0
294,50.0,5.0,0.0,-0.0,49996.0,209.0,0.0,15180.0
295,50.0,5.0,0.0,-0.0,49996.0,243.0,0.0,15232.0
296,50.0,5.0,0.0,-0.0,49996.0,499.0,0.0,15282.0
297,50.0,5.0,0.0,-0.0,49996.0,245.0,0.0,15332.0
298,50.0,5.0,0.0,-0.0,49996.0,373.0,0.0,15382.0
299,50.0,5.0,0.0,-0.0,49996.0,252.0,0.0,15432.0
300,50.0,5.0,0.0,0.0,49996.0,301.0,0.0,15483.0
301,50.0,5.0,0.0,0.0,49996.0,252.0,0.0,15534.0
302,50.0,5.0,0.0,0.0,49996.0,261.0,0.0,15584.0
303,50.0,5.0,0.0,0.0,49996.0,261.0,0.0,15634.0
304,50.0,5.0,0.0,0.0,49996.0,298.0,0.0,15685.0
305,50.0,5.0,0.0,0.0,49996.0,227.0,0.0,15735.0
306,50.0,5.0,0.0,0.0,49998.0,64385.0,0.0,15785.0
307,50.0,5.0,0.0,0.0,49996.0,298.0,0.0,15836.0
308,50.0,5.0,0.0,0.0,49996.0,1004.0,0.0,15886.0
309,50.0,5.0,0.0,0.0,49997.0,127.0,0.0,15937.0
310,50.0,5.0,0.0,0.0,49998.0,64973.0,0.0,15987.0
311,50.0,5.0,0.0,0.0,49996.0,117.0,0.0,16037.0
312,50.0,5.0,0.0,0.0,49996.0,65526.0,0.0,16088.0
313,50.0,5.0,0.0,0.0,49996.0,215.0,0.0,16139.0
314,50.0,5.0,0.0,0.0,49996.0,241.0,0.0,16189.0
315,50.0,5.0,0.0,0.0,49996.0,243.0,0.0,16239.0
316,50.0,5.0,0.0,0.0,49996.0,245.0,0.0,16289.0
317,50.0,5.0,0.0,0.0,49997.0,65310.0,0.0,16340.0
318,50.0,5.0,0.0,0.0,49996.0,265.0,0.0,16391.0
319,50.0,5.0,0.0,0.0,49998.0,65227.0,0.0,16441.0
320,50.0,5.0,0.0,0.0,49996.0,245.0,0.0,16491.0
321,50.0,5.0,0.0,0.0,49996.0,245.0,0.0,16541.0
322,50.0,5.0,0.0,0.0,49996.0,254.0,0.0,16592.0
323,50.0,5.0,0.0,0.0,49996.0,254.0,0.0,16643.0
324,0.0,5.0,0.0,-1000.0,49996.0,245.0,0.0,16693.0
325,0.0,5.0,-5.0,-900.0,49996.0,245.0,0.0,16743.0
326,0.0,4.97,-9.5,-805.0,49996.0,254.0,0.0,16794.0
327,0.0,4.93,-13.52,-715.0,49839.0,65451.0,0.0,16844.0
328,0.0,4.86,-17.1,-629.98,49433.0,2058.0,0.0,16894.0
329,0.0,4.77,-20.25,-549.88,48917.0,1742.0,0.0,16945.0
330,0.0,4.67,-23.0,-474.64,48264.0,1582.0,0.0,16996.0
331,0.0,4.56,-25.37,-404.18,47473.0,1596.0,0.0,17046.0
332,0.0,4.43,-27.39,-338.39,46568.0,1923.0,0.0,17096.0
333,0.0,4.29,-29.09,-277.15,45548.0,1749.0,0.0,17146.0
334,0.0,4.15,-30.47,-220.35,44431.0,645.0,0.0,17197.0
335,0.0,4.0,-31.57,-167.85,43219.0,731.0,0.0,17248.0
336,0.0,3.84,-32.41,-119.49,41932.0,1396.0,0.0,17298.0
337,0.0,3.68,-33.01,-75.13,40565.0,1859.0,0.0,17348.0
338,0.0,3.51,-33.39,-34.61,39147.0,1452.0,0.0,17398.0
339,0.0,3.34,-33.56,2.24,37669.0,1620.0,0.0,17449.0
340,0.0,3.18,-33.55,35.57,36142.0,1676.0,0.0,17500.0
341,0.0,3.01,-33.37,65.56,34587.0,1406.0,0.0,17550.0
342,0.0,2.84,-33.04,92.38,33001.0,1570.0,0.0,17600.0
343,0.0,2.68,-32.58,116.18,31404.0,1088.0,0.0,17651.0
344,0.0,2.51,-32.0,137.14,29784.0,1106.0,0.0,17701.0
345,0.0,2.35,-31.31,155.43,28172.0,1536.0,0.0,17752.0
346,0.0,2.2,-30.54,171.2,26552.0,955.0,0.0,17802.0
347,0.0,2.04,-29.68,184.61,24953.0,877.0,0.0,17852.0
348,0.0,1.9,-28.76,195.83,23359.0,969.0,0.0,17903.0
349,0.0,1.75,-27.78,205.0,21797.0,889.0,0.0,17953.0
350,0.0,1.61,-26.75,212.28,20254.0,1615.0,0.0,18003.0
351,0.0,1.48,-25.69,217.81,18452.0,1654.0,0.0,18054.0
352,0.0,1.35,-24.6,221.72,16986.0,1629.0,0.0,18105.0
353,0.0,1.23,-23.49,224.15,15563.0,1487.0,0.0,18155.0
354,0.0,1.11,-22.37,225.23,14194.0,906.0,0.0,18205.0
355,0.0,1.0,-21.25,225.08,12871.0,2290.0,0.0,18255.0
356,0.0,0.89,-20.12,223.81,11605.0,2290.0,0.0,18307.0
357,0.0,0.79,-19.0,221.55,10393.0,1359.0,0.0,18357.0
358,0.0,0.7,-17.89,218.4,9243.0,1414.0,0.0,18407.0
359,0.0,0.61,-16.8,214.46,8150.0,1994.0,0.0,18457.0
360,0.0,0.52,-15.73,209.81,7121.0,1835.0,0.0,18507.0
361,0.0,0.45,-14.68,204.56,6150.0,1855.0,0.0,18558.0
362,0.0,0.37,-13.66,198.79,5247.0,1790.0,0.0,18609.0
363,0.0,0.3,-12.66,192.57,4400.0,2161.0,0.0,18659.0
364,0.0,0.24,-11.7,185.97,3614.0,2227.0,0.0,18709.0
365,0.0,0.18,-10.77,179.08,2892.0,2206.0,0.0,18760.0
366,0.0,0.13,-9.88,171.94,2224.0,2034.0,0.0,18810.0
367,0.0,0.08,-9.02,164.62,1618.0,1797.0,0.0,18861.0
368,0.0,0.03,-8.19,157.18,1062.0,1958.0,0.0,18911.0
369,0.0,-0.01,-7.41,149.65,561.0,2107.0,0.0,18961.0
370,0.0,-0.04,-6.66,142.1,107.0,2013.0,0.0,19012.0
371,0.0,-0.08,-5.95,134.55,-298.0,1773.0,0.0,19062.0
372,0.0,-0.11,-5.28,127.04,-662.0,1592.0,0.0,19112.0
373,0.0,-0.13,-4.64,119.61,-982.0,2150.0,0.0,19163.0
374,0.0,-0.16,-4.04,112.29,-1272.0,1954.0,0.0,19214.0
375,0.0,-0.18,-3.48,105.1,-1565.0,3169.0,0.0,19264.0
376,0.0,-0.19,-2.96,98.08,-1774.0,3096.0,0.0,19314.0
377,0.0,-0.21,-2.47,91.22,-1958.0,3014.0,0.0,19364.0
378,0.0,-0.22,-2.01,84.57,-2104.0,2292.0,0.0,19415.0
379,0.0,-0.23,-1.59,78.12,-2237.0,2738.0,0.0,19466.0
380,0.0,-0.24,-1.2,71.89,-2331.0,2973.0,0.0,19516.0
381,0.0,-0.25,-0.84,65.9,-2415.0,2291.0,0.0,19566.0
382,0.0,-0.25,-0.51,60.15,-2471.0,1707.0,0.0,19616.0
383,0.0,-0.25,-0.21,54.64,-2512.0,226.0,0.0,19667.0
384,0.0,-0.25,0.07,49.38,-2531.0,65306.0,0.0,19718.0
385,0.0,-0.25,0.31,44.38,-2542.0,65481.0,0.0,19768.0
386,0.0,-0.25,0.54,39.62,-2538.0,406.0,0.0,19818.0
387,0.0,-0.25,0.73,35.13,-2515.0,282.0,0.0,19868.0
388,0.0,-0.25,0.91,30.88,-2488.0,456.0,0.0,19919.0
389,0.0,-0.24,1.06,26.88,-2447.0,64907.0,0.0,19970.0
390,0.0,-0.24,1.2,23.13,-2399.0,63149.0,0.0,20020.0
391,0.0,-0.23,1.31,19.62,-2345.0,62776.0,0.0,20070.0
392,0.0,-0.22,1.41,16.34,-2290.0,62473.0,0.0,20121.0
393,0.0,-0.22,1.49,13.3,-2226.0,63296.0,0.0,20171.0
394,0.0,-0.21,1.56,10.47,-2154.0,62656.0,0.0,20221.0
395,0.0,-0.2,1.61,7.87,-2082.0,63877.0,0.0,20272.0
396,0.0,-0.19,1.65,5.47,-2003.0,63542.0,0.0,20323.0
397,0.0,-0.18,1.68,3.27,-1933.0,63617.0,0.0,20373.0
398,0.0,-0.18,1.7,1.26,-1842.0,62942.0,0.0,20423.0
399,0.0,-0.17,1.7,-0.56,-1747.0,63021.0,0.0,20473.0
400,0.0,-0.16,1.7,-2.21,-1660.0,62723.0,0.0,20524.0
401,0.0,-0.15,1.69,-3.68,-1580.0,62718.0,0.0,20575.0
402,0.0,-0.14,1.67,-5.0,-1491.0,63270.0,0.0,20625.0
403,0.0,-0.13,1.64,-6.17,-1409.0,62910.0,0.0,20675.0
404,0.0,-0.13,1.61,-7.2,-1331.0,62846.0,0.0,20725.0
405,0.0,-0.12,1.58,-8.09,-1242.0,63222.0,0.0,20776.0
406,0.0,-0.11,1.54,-8.86,-1167.0,63121.0,0.0,20827.0
407,0.0,-0.1,1.49,-9.51,-1086.0,63601.0,0.0,20877.0
408,0.0,-0.09,1.45,-10.06,-1012.0,63152.0,0.0,20927.0
409,0.0,-0.09,1.4,-10.5,-932.0,63167.0,0.0,20977.0
410,0.0,-0.08,1.34,-10.84,-866.0,62685.0,0.0,21028.0
411,0.0,-0.07,1.29,-11.1,-788.0,62876.0,0.0,21079.0
412,0.0,-0.07,1.23,-11.28,-727.0,62653.0,0.0,21129.0
413,0.0,-0.06,1.18,-11.38,-661.0,63436.0,0.0,21179.0
414,0.0,-0.05,1.12,-11.42,-603.0,62525.0,0.0,21230.0
415,0.0,-0.05,1.06,-11.4,-542.0,63803.0,0.0,21280.0
416,0.0,-0.04,1.01,-11.32,-484.0,63223.0,0.0,21330.0
417,0.0,-0.04,0.95,-11.2,-434.0,63067.0,0.0,21381.0
418,0.0,-0.03,0.89,-11.02,-381.0,62961.0,0.0,21432.0
419,0.0,-0.03,0.84,-10.82,-332.0,63531.0,0.0,21482.0
420,0.0,-0.03,0.78,-10.57,-290.0,63407.0,0.0,21532.0
421,0.0,-0.02,0.73,-10.3,-249.0,64099.0,0.0,21582.0
422,0.0,-0.02,0.68,-10.0,-209.0,64094.0,0.0,21633.0
423,0.0,-0.01,0.63,-9.68,-173.0,63775.0,0.0,21684.0
424,0.0,-0.01,0.58,-9.34,-143.0,835.0,0.0,21734.0
425,0.0,-0.01,0.53,-8.99,-111.0,248.0,0.0,21784.0
426,0.0,-0.01,0.49,-8.62,-79.0,57.0,0.0,21834.0
427,0.0,-0.0,0.45,-8.25,-56.0,472.0,0.0,21884.0
428,0.0,-0.0,0.41,-7.87,-33.0,65411.0,0.0,21936.0
429,0.0,0.0,0.37,-7.49,-12.0,496.0,0.0,21986.0
430,0.0,0.0,0.33,-7.11,8.0,508.0,0.0,22036.0
431,0.0,0.0,0.29,-6.72,25.0,1551.0,0.0,22086.0
432,0.0,0.01,0.26,-6.34,42.0,352.0,0.0,22137.0
433,0.0,0.01,0.23,-5.97,59.0,78.0,0.0,22188.0
434,0.0,0.01,0.2,-5.6,68.0,748.0,0.0,22238.0
435,0.0,0.01,0.17,-5.24,79.0,433.0,0.0,22288.0
436,0.0,0.01,0.14,-4.88,93.0,65495.0,0.0,22339.0
437,0.0,0.01,0.12,-4.54,97.0,1258.0,0.0,22389.0
438,0.0,0.01,0.1,-4.2,103.0,1300.0,0.0,22439.0
439,0.0,0.01,0.08,-3.88,111.0,13.0,0.0,22490.0
440,0.0,0.01,0.06,-3.57,118.0,64904.0,0.0,22540.0
441,0.0,0.01,0.04,-3.27,120.0,65.0,0.0,22591.0
442,0.0,0.01,0.02,-2.98,122.0,37.0,0.0,22641.0
443,0.0,0.01,0.01,-2.7,123.0,405.0,0.0,22691.0
444,0.0,0.01,-0.01,-2.44,124.0,98.0,0.0,22742.0
445,0.0,0.01,-0.02,-2.19,124.0,605.0,0.0,22793.0
446,0.0,0.01,-0.03,-1.95,124.0,652.0,0.0,22843.0
447,0.0,0.01,-0.04,-1.72,124.0,605.0,0.0,22893.0
448,0.0,0.01,-0.05,-1.51,123.0,450.0,0.0,22943.0
449,0.0,0.01,-0.06,-1.31,121.0,693.0,0.0,22993.0
450,0.0,0.01,-0.06,-1.13,121.0,525.0,0.0,23045.0
451,0.0,0.01,-0.07,-0.95,119.0,65069.0,0.0,23095.0
452,0.0,0.01,-0.07,-0.79,115.0,64876.0,0.0,23145.0
453,0.0,0.01,-0.08,-0.64,110.0,65205.0,0.0,23195.0
454,0.0,0.01,-0.08,-0.5,103.0,603.0,0.0,23246.0
455,0.0,0.01,-0.08,-0.37,99.0,161.0,0.0,23297.0
456,0.0,0.01,-0.08,-0.25,98.0,65375.0,0.0,23347.0
457,0.0,0.01,-0.09,-0.14,95.0,64870.0,0.0,23397.0
458,0.0,0.01,-0.09,-0.04,93.0,64172.0,0.0,23448.0
459,0.0,0.01,-0.09,0.05,87.0,64728.0,0.0,23498.0
460,0.0,0.01,-0.09,0.13,74.0,65323.0,0.0,23548.0
461,0.0,0.01,-0.09,0.2,70.0,1698.0,0.0,23599.0
462,0.0,0.01,-0.08,0.27,70.0,797.0,0.0,23649.0
463,0.0,0.01,-0.08,0.33,68.0,65294.0,0.0,23700.0
464,0.0,0.01,-0.08,0.38,66.0,44.0,0.0,23750.0
465,0.0,0.01,-0.08,0.42,62.0,65057.0,0.0,23800.0
466,0.0,0.01,-0.08,0.46,57.0,64741.0,0.0,23851.0
467,0.0,0.01,-0.08,0.49,47.0,76.0,0.0,23901.0
468,0.0,0.0,-0.07,0.52,44.0,65422.0,0.0,23952.0
469,0.0,0.0,-0.07,0.54,41.0,152.0,0.0,24002.0
470,0.0,0.0,-0.07,0.55,42.0,65358.0,0.0,24052.0
471,0.0,0.0,-0.06,0.57,39.0,64943.0,0.0,24102.0
472,0.0,0.0,-0.06,0.57,36.0,65017.0,0.0,24154.0
473,0.0,0.0,-0.06,0.58,33.0,63547.0,0.0,24204.0
474,0.0,0.0,-0.06,0.58,24.0,289.0,0.0,24254.0
475,0.0,0.0,-0.05,0.58,19.0,406.0,0.0,24304.0
476,0.0,0.0,-0.05,0.57,15.0,1164.0,0.0,24355.0
477,0.0,0.0,-0.05,0.57,16.0,433.0,0.0,24406.0
478,0.0,0.0,-0.04,0.56,13.0,1938.0,0.0,24456.0
479,0.0,0.0,-0.04,0.55,14.0,492.0,0.0,24506.0
480,0.0,0.0,-0.04,0.53,13.0,65532.0,0.0,24557.0
481,0.0,0.0,-0.04,0.52,12.0,65263.0,0.0,24607.0
482,0.0,0.0,-0.03,0.5,10.0,65104.0,0.0,24657.0
483,0.0,0.0,-0.03,0.49,7.0,65034.0,0.0,24708.0
484,0.0,0.0,-0.03,0.47,6.0,65227.0,0.0,24758.0
485,0.0,0.0,-0.03,0.45,2.0,65362.0,0.0,24809.0
486,0.0,0.0,-0.02,0.43,-2.0,65199.0,0.0,24859.0
487,0.0,0.0,-0.02,0.41,-4.0,65362.0,0.0,24909.0
488,0.0,0.0,-0.02,0.39,-4.0,65445.0,0.0,24960.0
489,0.0,-0.0,-0.02,0.37,-4.0,65417.0,0.0,25011.0
490,0.0,-0.0,-0.02,0.36,-4.0,134.0,0.0,25061.0
491,0.0,-0.0,-0.01,0.34,-4.0,626.0,0.0,25111.0
492,0.0,-0.0,-0.01,0.32,-4.0,65365.0,0.0,25161.0
493,0.0,-0.0,-0.01,0.3,-6.0,349.0,0.0,25211.0
494,0.0,-0.0,-0.01,0.28,-6.0,65400.0,0.0,25263.0
495,0.0,-0.0,-0.01,0.26,-7.0,65448.0,0.0,25313.0
496,0.0,-0.0,-0.01,0.24,-7.0,65366.0,0.0,25363.0
497,0.0,-0.0,-0.01,0.23,-8.0,65454.0,0.0,25413.0
498,0.0,-0.0,-0.0,0.21,-8.0,65360.0,0.0,25464.0
499,0.0,-0.0,-0.0,0.19,-8.0,65354.0,0.0,25515.0
500,0.0,-0.0,-0.0,0.18,-8.0,64728.0,0.0,25565.0
501,0.0,-0.0,-0.0,0.16,-9.0,271.0,0.0,25615.0
502,0.0,-0.0,-0.0,0.15,-10.0,299.0,0.0,25666.0
503,0.0,-0.0,-0.0,0.13,-9.0,65507.0,0.0,25716.0
504,0.0,-0.0,0.0,0.12,-9.0,65525.0,0.0,25766.0
505,0.0,-0.0,0.0,0.11,-9.0,963.0,0.0,25817.0
506,0.0,-0.0,0.0,0.1,-9.0,385.0,0.0,25867.0
507,0.0,-0.0,0.0,0.08,-9.0,19.0,0.0,25918.0
508,0.0,-0.0,0.0,0.07,-9.0,532.0,0.0,25968.0
509,0.0,-0.0,0.0,0.06,-8.0,64870.0,0.0,26018.0
510,0.0,-0.0,0.0,0.05,-9.0,11.0,0.0,26068.0
511,0.0,-0.0,0.0,0.05,-8.0,65520.0,0.0,26120.0
512,0.0,-0.0,0.0,0.04,-8.0,101.0,0.0,26170.0
513,0.0,-0.0,0.0,0.03,-8.0,53.0,0.0,26220.0
514,0.0,-0.0,0.0,0.02,-9.0,1216.0,0.0,26270.0
515,0.0,-0.0,0.0,0.02,-8.0,403.0,0.0,26320.0
516,0.0,-0.0,0.0,0.01,-8.0,83.0,0.0,26372.0
517,0.0,-0.0,0.0,0.01,-7.0,733.0,0.0,26422.0
518,0.0,-0.0,0.0,0.0,-7.0,101.0,0.0,26472.0
519,0.0,-0.0,0.0,-0.0,-6.0,804.0,0.0,26522.0
520,0.0,-0.0,0.0,-0.01,-7.0,290.0,0.0,26573.0
521,0.0,-0.0,0.0,-0.01,-6.0,611.0,0.0,26624.0
522,0.0,-0.0,0.0,-0.01,-6.0,158.0,0.0,26674.0
523,0.0,-0.0,0.0,-0.02,-6.0,65472.0,0.0,26724.0
524,0.0,-0.0,0.0,-0.02,-6.0,198.0,0.0,26774.0
525,0.0,-0.0,0.0,-0.02,-5.0,65309.0,0.0,26825.0
526,0.0,-0.0,0.0,-0.02,-5.0,65333.0,0.0,26875.0
527,0.0,-0.0,0.0,-0.03,-5.0,139.0,0.0,26926.0
528,0.0,-0.0,0.0,-0.03,-4.0,400.0,0.0,26976.0
529,0.0,-0.0,0.0,-0.03,-4.0,72.0,0.0,27027.0
530,0.0,-0.0,0.0,-0.03,-4.0,291.0,0.0,27077.0
531,0.0,-0.0,0.0,-0.03,-6.0,356.0,0.0,27127.0
532,0.0,-0.0,0.0,-0.03,-4.0,126.0,0.0,27177.0
533,0.0,-0.0,0.0,-0.03,-2.0,64945.0,0.0,27229.0
534,0.0,-0.0,0.0,-0.03,-1.0,65243.0,0.0,27279.0
535,0.0,-0.0,0.0,-0.03,-3.0,64910.0,0.0,27329.0
536,50.0,-0.0,0.0,2499.93,-4.0,52.0,0.0,27379.0
537,50.0,-0.0,12.5,1874.94,-3.0,163.0,0.0,27430.0
538,50.0,0.06,21.88,1374.95,-3.0,62.0,0.0,27481.0
539,50.0,0.17,28.75,976.52,111.0,3552.0,0.0,27531.0
540,50.0,0.32,33.63,660.51,679.0,3857.0,0.0,27582.0
541,50.0,0.48,36.94,411.3,1663.0,2468.0,0.0,27632.0
542,50.0,0.67,38.99,216.13,2839.0,3279.0,0.0,27682.0
543,50.0,0.86,40.07,64.62,4174.0,2995.0,0.0,27732.0
544,50.0,1.06,40.4,-51.72,5662.0,1754.0,0.0,27783.0
545,50.0,1.27,40.14,-139.78,7266.0,64467.0,0.0,27834.0
546,50.0,1.47,39.44,-205.18,9328.0,64349.0,0.0,27884.0
547,50.0,1.66,38.41,-252.49,11106.0,63392.0,0.0,27934.0
548,50.0,1.86,37.15,-285.4,12931.0,64010.0,0.0,27985.0
549,50.0,2.04,35.72,-306.93,14777.0,63281.0,0.0,28036.0
550,50.0,2.22,34.19,-319.51,16632.0,63691.0,0.0,28086.0
551,50.0,2.39,32.59,-325.1,18484.0,64296.0,0.0,28136.0
552,50.0,2.55,30.97,-325.31,20303.0,63479.0,0.0,28187.0
553,50.0,2.71,29.34,-321.4,22095.0,63947.0,0.0,28237.0
554,50.0,2.86,27.73,-314.4,23835.0,64480.0,0.0,28288.0
555,50.0,2.99,26.16,-305.13,25522.0,64389.0,0.0,28338.0
556,50.0,3.12,24.64,-294.25,27140.0,63602.0,0.0,28388.0
557,50.0,3.25,23.16,-282.28,28698.0,63445.0,0.0,28439.0
558,50.0,3.36,21.75,-269.62,30174.0,63356.0,0.0,28489.0
559,50.0,3.47,20.4,-256.59,31581.0,64148.0,0.0,28539.0
560,50.0,3.57,19.12,-243.46,32900.0,63418.0,0.0,28590.0
561,50.0,3.67,17.9,-230.4,34147.0,63949.0,0.0,28641.0
562,50.0,3.76,16.75,-217.56,35308.0,63595.0,0.0,28691.0
563,50.0,3.84,15.66,-205.05,36392.0,63914.0,0.0,28741.0
564,50.0,3.92,14.64,-192.95,37401.0,63563.0,0.0,28791.0
565,50.0,4.0,13.67,-181.31,38331.0,64220.0,0.0,28841.0
566,50.0,4.06,12.77,-170.17,39195.0,63933.0,0.0,28893.0
567,50.0,4.13,11.92,-159.55,39988.0,63872.0,0.0,28943.0
568,50.0,4.19,11.12,-149.45,40722.0,63149.0,0.0,28993.0
569,50.0,4.24,10.37,-139.89,41394.0,63483.0,0.0,29043.0
570,50.0,4.29,9.67,-130.85,42139.0,63888.0,0.0,29094.0
571,50.0,4.34,9.02,-122.32,42703.0,63390.0,0.0,29145.0
572,50.0,4.39,8.41,-114.28,43229.0,62794.0,0.0,29195.0
573,50.0,4.43,7.84,-106.73,43710.0,62878.0,0.0,29245.0
574,50.0,4.47,7.3,-99.64,44159.0,63410.0,0.0,29295.0
575,50.0,4.51,6.8,-92.98,44571.0,63324.0,0.0,29346.0
576,50.0,4.54,6.34,-86.75,44958.0,63440.0,0.0,29396.0
577,50.0,4.57,5.91,-80.91,45317.0,62846.0,0.0,29447.0
578,50.0,4.6,5.5,-75.44,45643.0,62828.0,0.0,29497.0
579,50.0,4.63,5.12,-70.33,45953.0,63083.0,0.0,29548.0
580,50.0,4.65,4.77,-65.56,46231.0,63709.0,0.0,29598.0
581,50.0,4.68,4.44,-61.1,46500.0,63315.0,0.0,29648.0
582,50.0,4.7,4.14,-56.93,46741.0,62995.0,0.0,29699.0
583,50.0,4.72,3.85,-53.05,46973.0,63475.0,0.0,29750.0
584,50.0,4.74,3.59,-49.42,47178.0,63359.0,0.0,29800.0
585,50.0,4.76,3.34,-46.04,47379.0,63164.0,0.0,29850.0
586,50.0,4.77,3.11,-42.88,47556.0,63529.0,0.0,29900.0
587,50.0,4.79,2.9,-39.94,47732.0,62954.0,0.0,29950.0
588,50.0,4.8,2.7,-37.2,47888.0,63354.0,0.0,30002.0
589,50.0,4.82,2.51,-34.64,48029.0,63083.0,0.0,30052.0
590,50.0,4.83,2.34,-32.26,48173.0,63696.0,0.0,30102.0
591,50.0,4.84,2.18,-30.04,48291.0,63955.0,0.0,30152.0
592,50.0,4.85,2.03,-27.97,48415.0,63686.0,0.0,30203.0
593,50.0,4.86,1.89,-26.04,48519.0,63600.0,0.0,30254.0
594,50.0,4.87,1.76,-24.25,48647.0,63052.0,0.0,30304.0
595,50.0,4.88,1.64,-22.58,48739.0,62297.0,0.0,30354.0
596,50.0,4.89,1.52,-21.02,48830.0,63109.0,0.0,30404.0
597,50.0,4.9,1.42,-19.57,48904.0,63446.0,0.0,30455.0
598,50.0,4.9,1.32,-18.22,48988.0,63151.0,0.0,30505.0
599,50.0,4.91,1.23,-16.96,49052.0,62692.0,0.0,30556.0
600,50.0,4.92,1.14,-15.79,49121.0,63163.0,0.0,30606.0
601,50.0,4.92,1.06,-14.7,49181.0,63082.0,0.0,30657.0
602,50.0,4.93,0.99,-13.69,49237.0,63155.0,0.0,30707.0
603,50.0,4.93,0.92,-12.74,49292.0,63922.0,0.0,30757.0
604,50.0,4.94,0.86,-11.86,49342.0,63298.0,0.0,30808.0
605,50.0,4.94,0.8,-11.04,49384.0,65251.0,0.0,30859.0
606,50.0,4.95,0.74,-10.28,49428.0,64368.0,0.0,30909.0
607,50.0,4.95,0.69,-9.57,49465.0,65074.0,0.0,30959.0
608,50.0,4.95,0.64,-8.91,49505.0,64544.0,0.0,31009.0
609,50.0,4.96,0.6,-8.3,49540.0,64402.0,0.0,31059.0
610,50.0,4.96,0.56,-7.72,49568.0,65504.0,0.0,31111.0
611,50.0,4.96,0.52,-7.19,49599.0,65324.0,0.0,31161.0
612,50.0,4.96,0.48,-6.69,49625.0,114.0,0.0,31211.0
613,50.0,4.97,0.45,-6.23,49654.0,64587.0,0.0,31261.0
614,50.0,4.97,0.42,-5.8,49676.0,155.0,0.0,31311.0
615,50.0,4.97,0.39,-5.4,49698.0,111.0,0.0,31363.0
616,50.0,4.97,0.36,-5.03,49718.0,722.0,0.0,31413.0
617,50.0,4.98,0.34,-4.68,49735.0,223.0,0.0,31463.0
618,50.0,4.98,0.32,-4.36,49756.0,216.0,0.0,31513.0
619,50.0,4.98,0.29,-4.05,49769.0,244.0,0.0,31564.0
620,50.0,4.98,0.27,-3.77,49787.0,190.0,0.0,31614.0
621,50.0,4.98,0.25,-3.51,49798.0,481.0,0.0,31665.0
622,50.0,4.98,0.24,-3.27,49818.0,259.0,0.0,31715.0
623,50.0,4.98,0.22,-3.04,49826.0,267.0,0.0,31766.0
624,50.0,4.99,0.21,-2.83,49842.0,65533.0,0.0,31816.0
625,50.0,4.99,0.19,-2.64,49848.0,302.0,0.0,31866.0
626,50.0,4.99,0.18,-2.46,49858.0,1183.0,0.0,31917.0
627,50.0,4.99,0.17,-2.29,49871.0,1003.0,0.0,31968.0
628,50.0,4.99,0.15,-2.13,49877.0,371.0,0.0,32018.0
629,50.0,4.99,0.14,-1.98,49885.0,856.0,0.0,32068.0
630,50.0,4.99,0.13,-1.84,49896.0,64889.0,0.0,32118.0
631,50.0,4.99,0.12,-1.72,49900.0,307.0,0.0,32168.0
632,50.0,4.99,0.12,-1.6,49904.0,394.0,0.0,32220.0
633,50.0,4.99,0.11,-1.49,49911.0,752.0,0.0,32270.0
634,50.0,4.99,0.1,-1.39,49925.0,65390.0,0.0,32320.0
635,50.0,4.99,0.09,-1.29,49929.0,65051.0,0.0,32370.0
636,50.0,4.99,0.09,-1.2,49930.0,357.0,0.0,32421.0
637,50.0,4.99,0.08,-1.12,49932.0,533.0,0.0,32472.0
638,50.0,4.99,0.08,-1.04,49936.0,446.0,0.0,32522.0
639,50.0,4.99,0.07,-0.97,49941.0,1155.0,0.0,32572.0
640,50.0,5.0,0.07,-0.9,49950.0,462.0,0.0,32622.0
641,50.0,5.0,0.06,-0.84,49953.0,264.0,0.0,32673.0
642,50.0,5.0,0.06,-0.78,49954.0,234.0,0.0,32723.0
643,50.0,5.0,0.05,-0.73,49956.0,143.0,0.0,32774.0
644,50.0,5.0,0.05,-0.68,49957.0,251.0,0.0,32824.0
645,50.0,5.0,0.05,-0.63,49960.0,65448.0,0.0,32875.0
646,50.0,5.0,0.04,-0.59,49963.0,439.0,0.0,32925.0
647,50.0,5.0,0.04,-0.55,49965.0,1883.0,0.0,32975.0
648,50.0,5.0,0.04,-0.51,49970.0,65433.0,0.0,33026.0
649,50.0,5.0,0.03,-0.47,49977.0,64124.0,0.0,33077.0
650,50.0,5.0,0.03,-0.44,49978.0,65215.0,0.0,33127.0
651,50.0,5.0,0.03,-0.41,49976.0,429.0,0.0,33177.0
652,50.0,5.0,0.03,-0.38,49976.0,64946.0,0.0,33227.0
653,50.0,5.0,0.03,-0.36,49978.0,65111.0,0.0,33277.0
654,50.0,5.0,0.02,-0.33,49978.0,65523.0,0.0,33329.0
655,50.0,5.0,0.02,-0.31,49979.0,65425.0,0.0,33379.0
656,50.0,5.0,0.02,-0.29,49980.0,65425.0,0.0,33429.0
657,50.0,5.0,0.02,-0.27,49982.0,65142.0,0.0,33479.0
658,50.0,5.0,0.02,-0.25,49982.0,65426.0,0.0,33530.0
659,50.0,5.0,0.02,-0.23,49983.0,3.0,0.0,33581.0
660,50.0,5.0,0.02,-0.21,49983.0,193.0,0.0,33631.0
661,50.0,5.0,0.01,-0.2,49984.0,210.0,0.0,33681.0
662,50.0,5.0,0.01,-0.19,49987.0,65496.0,0.0,33732.0
663,50.0,5.0,0.01,-0.17,49987.0,65522.0,0.0,33782.0
664,50.0,5.0,0.01,-0.16,49987.0,205.0,0.0,33832.0
665,50.0,5.0,0.01,-0.15,49987.0,380.0,0.0,33883.0
666,50.0,5.0,0.01,-0.14,49988.0,490.0,0.0,33933.0
667,50.0,5.0,0.01,-0.13,49989.0,385.0,0.0,33984.0
668,50.0,5.0,0.01,-0.12,49990.0,65399.0,0.0,34034.0
669,50.0,5.0,0.01,-0.11,49990.0,325.0,0.0,34084.0
670,50.0,5.0,0.01,-0.11,49991.0,518.0,0.0,34135.0
671,50.0,5.0,0.01,-0.1,49991.0,544.0,0.0,34185.0
672,50.0,5.0,0.01,-0.09,49991.0,554.0,0.0,34236.0
673,50.0,5.0,0.01,-0.08,49992.0,496.0,0.0,34286.0
674,50.0,5.0,0.01,-0.08,49992.0,585.0,0.0,34336.0
675,50.0,5.0,0.01,-0.07,49992.0,608.0,0.0,34386.0
676,50.0,5.0,0.0,-0.07,49995.0,65384.0,0.0,34438.0
677,50.0,5.0,0.0,-0.06,49994.0,1020.0,0.0,34488.0
678,50.0,5.0,0.0,-0.06,49995.0,937.0,0.0,34538.0
679,50.0,5.0,0.0,-0.06,49994.0,370.0,0.0,34588.0
680,50.0,5.0,0.0,-0.05,49994.0,428.0,0.0,34639.0
681,50.0,5.0,0.0,-0.05,49994.0,779.0,0.0,34690.0
682,50.0,5.0,0.0,-0.04,49994.0,459.0,0.0,34740.0
683,50.0,5.0,0.0,-0.04,49994.0,463.0,0.0,34790.0
684,50.0,5.0,0.0,-0.04,49996.0,65145.0,0.0,34841.0
685,50.0,5.0,0.0,-0.04,49995.0,870.0,0.0,34891.0
686,50.0,5.0,0.0,-0.03,49994.0,1578.0,0.0,34941.0
687,50.0,5.0,0.0,-0.03,49996.0,307.0,0.0,34992.0
688,50.0,5.0,0.0,-0.03,49996.0,254.0,0.0,35042.0
689,50.0,5.0,0.0,-0.03,49996.0,154.0,0.0,35093.0
690,50.0,5.0,0.0,-0.03,49996.0,255.0,0.0,35143.0
691,50.0,5.0,0.0,-0.02,49995.0,212.0,0.0,35193.0
692,50.0,5.0,0.0,-0.02,49995.0,183.0,0.0,35244.0
693,50.0,5.0,0.0,-0.02,49995.0,191.0,0.0,35294.0
694,50.0,5.0,0.0,-0.02,49995.0,199.0,0.0,35345.0
695,50.0,5.0,0.0,-0.02,49996.0,65391.0,0.0,35395.0
696,50.0,5.0,0.0,-0.02,49995.0,417.0,0.0,35445.0
697,50.0,5.0,0.0,-0.02,49996.0,62.0,0.0,35495.0
698,50.0,5.0,0.0,-0.01,49997.0,344.0,0.0,35547.0
699,50.0,5.0,0.0,-0.01,49997.0,53.0,0.0,35597.0
700,50.0,5.0,0.0,-0.01,49996.0,452.0,0.0,35647.0
701,50.0,5.0,0.0,-0.01,49997.0,254.0,0.0,35697.0
702,50.0,5.0,0.0,-0.01,49997.0,389.0,0.0,35748.0
703,50.0,5.0,0.0,-0.01,49996.0,327.0,0.0,35799.0
704,50.0,5.0,0.0,-0.01,49996.0,309.0,0.0,35849.0
705,50.0,5.0,0.0,-0.01,49996.0,199.0,0.0,35899.0
706,50.0,5.0,0.0,-0.01,49996.0,200.0,0.0,35949.0
707,50.0,5.0,0.0,-0.01,49996.0,199.0,0.0,36000.0
708,50.0,5.0,0.0,-0.01,49996.0,191.0,0.0,36050.0
709,50.0,5.0,0.0,-0.01,49996.0,180.0,0.0,36101.0
710,50.0,5.0,0.0,-0.01,49996.0,188.0,0.0,36151.0
711,50.0,5.0,0.0,-0.01,49996.0,180.0,0.0,36202.0
712,50.0,5.0,0.0,-0.01,49996.0,36.0,0.0,36252.0
713,50.0,5.0,0.0,-0.0,49996.0,227.0,0.0,36302.0
714,50.0,5.0,0.0,-0.0,49996.0,65318.0,0.0,36353.0
715,50.0,5.0,0.0,-0.0,49996.0,753.0,0.0,36404.0
716,50.0,5.0,0.0,-0.0,49996.0,278.0,0.0,36454.0
717,50.0,5.0,0.0,-0.0,49996.0,263.0,0.0,36504.0
718,50.0,5.0,0.0,-0.0,49996.0,245.0,0.0,36554.0
719,50.0,5.0,0.0,-0.0,49996.0,255.0,0.0,36604.0
720,50.0,5.0,0.0,-0.0,49996.0,271.0,0.0,36656.0
721,50.0,5.0,0.0,-0.0,49996.0,307.0,0.0,36706.0
722,50.0,5.0,0.0,-0.0,49997.0,65508.0,0.0,36756.0
723,50.0,5.0,0.0,-0.0,49996.0,265.0,0.0,36806.0
724,50.0,5.0,0.0,-0.0,49996.0,271.0,0.0,36857.0
725,50.0,5.0,0.0,-0.0,49996.0,271.0,0.0,36908.0
726,50.0,5.0,0.0,-0.0,49997.0,189.0,0.0,36958.0
727,50.0,5.0,0.0,-0.0,49996.0,289.0,0.0,37008.0
728,50.0,5.0,0.0,-0.0,49996.0,652.0,0.0,37058.0
729,50.0,5.0,0.0,-0.0,49996.0,289.0,0.0,37109.0
730,50.0,5.0,0.0,-0.0,49996.0,271.0,0.0,37159.0
731,50.0,5.0,0.0,-0.0,49996.0,291.0,0.0,37210.0
732,50.0,5.0,0.0,-0.0,49996.0,307.0,0.0,37260.0
733,50.0,5.0,0.0,-0.0,49996.0,307.0,0.0,37311.0
734,50.0,5.0,0.0,-0.0,49996.0,409.0,0.0,37361.0
735,50.0,5.0,0.0,-0.0,49996.0,298.0,0.0,37411.0
736,50.0,5.0,0.0,-0.0,49996.0,311.0,0.0,37462.0
737,50.0,5.0,0.0,-0.0,49996.0,299.0,0.0,37513.0
738,50.0,5.0,0.0,-0.0,49996.0,352.0,0.0,37563.0
739,50.0,5.0,0.0,-0.0,49996.0,309.0,0.0,37613.0
740,50.0,5.0,0.0,-0.0,49996.0,298.0,0.0,37663.0
741,50.0,5.0,0.0,-0.0,49998.0,108.0,0.0,37714.0
742,50.0,5.0,0.0,-0.0,49997.0,671.0,0.0,37765.0
743,50.0,5.0,0.0,-0.0,49997.0,172.0,0.0,37815.0
744,50.0,5.0,0.0,-0.0,49997.0,65373.0,0.0,37865.0
745,50.0,5.0,0.0,-0.0,49996.0,273.0,0.0,37915.0
746,50.0,5.0,0.0,-0.0,49996.0,279.0,0.0,37966.0
747,50.0,5.0,0.0,0.0,49998.0,64817.0,0.0,38017.0
748,50.0,5.0,0.0,0.0,49996.0,743.0,0.0,38067.0
749,50.0,5.0,0.0,0.0,49996.0,334.0,0.0,38117.0
750,50.0,5.0,0.0,0.0,49997.0,743.0,0.0,38168.0
751,50.0,5.0,0.0,0.0,49996.0,273.0,0.0,38218.0
752,50.0,5.0,0.0,0.0,49996.0,254.0,0.0,38268.0
753,50.0,5.0,0.0,0.0,49996.0,254.0,0.0,38319.0
754,50.0,5.0,0.0,0.0,49996.0,498.0,0.0,38369.0
755,50.0,5.0,0.0,0.0,49996.0,216.0,0.0,38420.0
756,50.0,5.0,0.0,0.0,49996.0,279.0,0.0,38470.0
757,50.0,5.0,0.0,0.0,49996.0,271.0,0.0,38520.0
758,50.0,5.0,0.0,0.0,49998.0,64764.0,0.0,38571.0
759,50.0,5.0,0.0,0.0,49996.0,281.0,0.0,38622.0
760,50.0,5.0,0.0,0.0,49997.0,923.0,0.0,38672.0
761,50.0,5.0,0.0,0.0,49997.0,65110.0,0.0,38722.0
762,50.0,5.0,0.0,0.0,49996.0,235.0,0.0,38772.0
763,50.0,5.0,0.0,0.0,49996.0,289.0,0.0,38823.0
764,50.0,5.0,0.0,0.0,49996.0,235.0,0.0,38874.0
765,50.0,5.0,0.0,0.0,49998.0,65527.0,0.0,38924.0
766,50.0,5.0,0.0,0.0,49996.0,243.0,0.0,38974.0
767,50.0,5.0,0.0,0.0,49996.0,255.0,0.0,39024.0
768,0.0,5.0,0.0,-1000.0,49996.0,273.0,0.0,39075.0
769,0.0,5.0,-5.0,-900.0,49997.0,64975.0,0.0,39126.0
770,0.0,4.97,-9.5,-805.0,49996.0,243.0,0.0,39176.0
771,0.0,4.93,-13.52,-715.0,49853.0,64981.0,0.0,39227.0
772,0.0,4.86,-17.1,-629.98,49451.0,2192.0,0.0,39277.0
773,0.0,4.77,-20.25,-549.88,48942.0,1327.0,0.0,39327.0
774,0.0,4.67,-23.0,-474.64,48299.0,347.0,0.0,39377.0
775,0.0,4.56,-25.37,-404.18,47509.0,965.0,0.0,39428.0
776,0.0,4.43,-27.39,-338.39,46611.0,317.0,0.0,39479.0
777,0.0,4.29,-29.09,-277.15,45591.0,1158.0,0.0,39529.0
778,0.0,4.15,-30.47,-220.35,44482.0,659.0,0.0,39579.0
779,0.0,4.0,-31.57,-167.85,43271.0,671.0,0.0,39629.0
780,0.0,3.84,-32.41,-119.49,41989.0,891.0,0.0,39680.0
781,0.0,3.68,-33.01,-75.13,40625.0,295.0,0.0,39731.0
782,0.0,3.51,-33.39,-34.61,39208.0,623.0,0.0,39781.0
783,0.0,3.34,-33.56,2.24,37732.0,560.0,0.0,39831.0
784,0.0,3.18,-33.55,35.57,36219.0,762.0,0.0,39881.0
785,0.0,3.01,-33.37,65.56,34660.0,323.0,0.0,39932.0
786,0.0,2.84,-33.04,92.38,33071.0,1036.0,0.0,39983.0
787,0.0,2.68,-32.58,116.18,31473.0,564.0,0.0,40033.0
788,0.0,2.51,-32.0,137.14,29853.0,845.0,0.0,40083.0
789,0.0,2.35,-31.31,155.43,27913.0,1452.0,0.0,40134.0
790,0.0,2.2,-30.54,171.2,26297.0,1797.0,0.0,40184.0
791,0.0,2.04,-29.68,184.61,24695.0,2240.0,0.0,40235.0
792,0.0,1.9,-28.76,195.83,23104.0,2000.0,0.0,40285.0
793,0.0,1.75,-27.78,205.0,21546.0,2058.0,0.0,40335.0
794,0.0,1.61,-26.75,212.28,20009.0,2120.0,0.0,40386.0
795,0.0,1.48,-25.69,217.81,18510.0,1060.0,0.0,40436.0
796,0.0,1.35,-24.6,221.72,17046.0,2619.0,0.0,40486.0
797,0.0,1.23,-23.49,224.15,15628.0,1740.0,0.0,40537.0
798,0.0,1.11,-22.37,225.23,14254.0,2062.0,0.0,40588.0
799,0.0,1.0,-21.25,225.08,12928.0,1691.0,0.0,40638.0
800,0.0,0.89,-20.12,223.81,11659.0,2308.0,0.0,40688.0
801,0.0,0.79,-19.0,221.55,10443.0,1858.0,0.0,40738.0
802,0.0,0.7,-17.89,218.4,9290.0,2221.0,0.0,40788.0
803,0.0,0.61,-16.8,214.46,8192.0,1882.0,0.0,40840.0
804,0.0,0.52,-15.73,209.81,7163.0,1636.0,0.0,40890.0
805,0.0,0.45,-14.68,204.56,6188.0,2243.0,0.0,40940.0
806,0.0,0.37,-13.66,198.79,5284.0,1958.0,0.0,40990.0
807,0.0,0.3,-12.66,192.57,4435.0,1888.0,0.0,41041.0
808,0.0,0.24,-11.7,185.97,3652.0,1868.0,0.0,41092.0
809,0.0,0.18,-10.77,179.08,2924.0,1815.0,0.0,41142.0
810,0.0,0.13,-9.88,171.94,2252.0,2066.0,0.0,41192.0
811,0.0,0.08,-9.02,164.62,1645.0,1900.0,0.0,41242.0
812,0.0,0.03,-8.19,157.18,1086.0,1349.0,0.0,41293.0
813,0.0,-0.01,-7.41,149.65,584.0,1379.0,0.0,41344.0
814,0.0,-0.04,-6.66,142.1,39.0,2872.0,0.0,41394.0
815,0.0,-0.08,-5.95,134.55,-359.0,2367.0,0.0,41444.0
816,0.0,-0.11,-5.28,127.04,-719.0,2780.0,0.0,41495.0
817,0.0,-0.13,-4.64,119.61,-1033.0,2752.0,0.0,41545.0
818,0.0,-0.16,-4.04,112.29,-1315.0,2072.0,0.0,41595.0
819,0.0,-0.18,-3.48,105.1,-1556.0,2327.0,0.0,41646.0
820,0.0,-0.19,-2.96,98.08,-1767.0,2334.0,0.0,41697.0
821,0.0,-0.21,-2.47,91.22,-1946.0,3126.0,0.0,41747.0
822,0.0,-0.22,-2.01,84.57,-2106.0,2742.0,0.0,41797.0
823,0.0,-0.23,-1.59,78.12,-2232.0,2755.0,0.0,41847.0
824,0.0,-0.24,-1.2,71.89,-2331.0,2675.0,0.0,41897.0
825,0.0,-0.25,-0.84,65.9,-2413.0,2693.0,0.0,41949.0
826,0.0,-0.25,-0.51,60.15,-2468.0,2989.0,0.0,41999.0
827,0.0,-0.25,-0.21,54.64,-2512.0,443.0,0.0,42049.0
828,0.0,-0.25,0.07,49.38,-2532.0,15.0,0.0,42099.0
829,0.0,-0.25,0.31,44.38,-2542.0,65176.0,0.0,42150.0
830,0.0,-0.25,0.54,39.62,-2539.0,331.0,0.0,42201.0
831,0.0,-0.25,0.73,35.13,-2516.0,65507.0,0.0,42251.0
832,0.0,-0.25,0.91,30.88,-2485.0,64732.0,0.0,42301.0
833,0.0,-0.24,1.06,26.88,-2449.0,64266.0,0.0,42352.0
834,0.0,-0.24,1.2,23.13,-2400.0,64305.0,0.0,42402.0
835,0.0,-0.23,1.31,19.62,-2347.0,63398.0,0.0,42452.0
836,0.0,-0.22,1.41,16.34,-2288.0,63249.0,0.0,42503.0
837,0.0,-0.22,1.49,13.3,-2228.0,62974.0,0.0,42554.0
838,0.0,-0.21,1.56,10.47,-2148.0,63027.0,0.0,42604.0
839,0.0,-0.2,1.61,7.87,-2075.0,63799.0,0.0,42654.0
840,0.0,-0.19,1.65,5.47,-1991.0,63673.0,0.0,42704.0
841,0.0,-0.18,1.68,3.27,-1917.0,62787.0,0.0,42755.0
842,0.0,-0.18,1.7,1.26,-1830.0,63208.0,0.0,42806.0
843,0.0,-0.17,1.7,-0.56,-1752.0,62395.0,0.0,42856.0
844,0.0,-0.16,1.7,-2.21,-1661.0,62946.0,0.0,42906.0
845,0.0,-0.15,1.69,-3.68,-1580.0,63076.0,0.0,42956.0
846,0.0,-0.14,1.67,-5.0,-1497.0,62712.0,0.0,43006.0
847,0.0,-0.13,1.64,-6.17,-1412.0,63111.0,0.0,43058.0
848,0.0,-0.13,1.61,-7.2,-1330.0,63063.0,0.0,43108.0
849,0.0,-0.12,1.58,-8.09,-1246.0,62889.0,0.0,43158.0
850,0.0,-0.11,1.54,-8.86,-1173.0,63015.0,0.0,43208.0
851,0.0,-0.1,1.49,-9.51,-1086.0,63905.0,0.0,43259.0
852,0.0,-0.09,1.45,-10.06,-1015.0,63413.0,0.0,43310.0
853,0.0,-0.09,1.4,-10.5,-940.0,62559.0,0.0,43360.0
854,0.0,-0.08,1.34,-10.84,-867.0,62719.0,0.0,43410.0
855,0.0,-0.07,1.29,-11.1,-791.0,62871.0,0.0,43460.0
856,0.0,-0.07,1.23,-11.28,-728.0,63153.0,0.0,43511.0
857,0.0,-0.06,1.18,-11.38,-663.0,63401.0,0.0,43561.0
858,0.0,-0.05,1.12,-11.42,-606.0,63920.0,0.0,43612.0
859,0.0,-0.05,1.06,-11.4,-547.0,62790.0,0.0,43662.0
860,0.0,-0.04,1.01,-11.32,-489.0,63232.0,0.0,43713.0
861,0.0,-0.04,0.95,-11.2,-436.0,62761.0,0.0,43763.0
862,0.0,-0.03,0.89,-11.02,-382.0,64260.0,0.0,43813.0
863,0.0,-0.03,0.84,-10.82,-331.0,64068.0,0.0,43864.0
864,0.0,-0.03,0.78,-10.57,-293.0,65408.0,0.0,43915.0
865,0.0,-0.02,0.73,-10.3,-250.0,65295.0,0.0,43965.0
866,0.0,-0.02,0.68,-10.0,-212.0,495.0,0.0,44015.0
867,0.0,-0.01,0.63,-9.68,-175.0,65300.0,0.0,44065.0
868,0.0,-0.01,0.58,-9.34,-144.0,1616.0,0.0,44115.0
869,0.0,-0.01,0.53,-8.99,-110.0,56.0,0.0,44166.0
870,0.0,-0.01,0.49,-8.62,-79.0,237.0,0.0,44217.0
871,0.0,-0.0,0.45,-8.25,-55.0,224.0,0.0,44267.0
872,0.0,-0.0,0.41,-7.87,-34.0,737.0,0.0,44317.0
873,0.0,0.0,0.37,-7.49,-12.0,446.0,0.0,44367.0
874,0.0,0.0,0.33,-7.11,8.0,585.0,0.0,44419.0
875,0.0,0.0,0.29,-6.72,26.0,655.0,0.0,44469.0
876,0.0,0.01,0.26,-6.34,42.0,400.0,0.0,44519.0
877,0.0,0.01,0.23,-5.97,59.0,663.0,0.0,44569.0
878,0.0,0.01,0.2,-5.6,68.0,1422.0,0.0,44620.0
879,0.0,0.01,0.17,-5.24,78.0,569.0,0.0,44670.0
880,0.0,0.01,0.14,-4.88,92.0,1392.0,0.0,44721.0
881,0.0,0.01,0.12,-4.54,98.0,386.0,0.0,44771.0
882,0.0,0.01,0.1,-4.2,103.0,372.0,0.0,44821.0
883,0.0,0.01,0.08,-3.88,110.0,154.0,0.0,44872.0
884,0.0,0.01,0.06,-3.57,118.0,218.0,0.0,44922.0
885,0.0,0.01,0.04,-3.27,120.0,250.0,0.0,44973.0
886,0.0,0.01,0.02,-2.98,121.0,403.0,0.0,45023.0
887,0.0,0.01,0.01,-2.7,126.0,64496.0,0.0,45074.0
888,0.0,0.01,-0.01,-2.44,124.0,802.0,0.0,45124.0
889,0.0,0.01,-0.02,-2.19,124.0,1789.0,0.0,45174.0
890,0.0,0.01,-0.03,-1.95,125.0,501.0,0.0,45224.0
891,0.0,0.01,-0.04,-1.72,125.0,191.0,0.0,45276.0
892,0.0,0.01,-0.05,-1.51,124.0,406.0,0.0,45326.0
893,0.0,0.01,-0.06,-1.31,124.0,65188.0,0.0,45376.0
894,0.0,0.01,-0.06,-1.13,122.0,64780.0,0.0,45426.0
895,0.0,0.01,-0.07,-0.95,119.0,65219.0,0.0,45477.0
896,0.0,0.01,-0.07,-0.79,115.0,65089.0,0.0,45528.0
897,0.0,0.01,-0.08,-0.64,109.0,65060.0,0.0,45578.0
898,0.0,0.01,-0.08,-0.5,102.0,973.0,0.0,45628.0
899,0.0,0.01,-0.08,-0.37,99.0,65508.0,0.0,45678.0
900,0.0,0.01,-0.08,-0.25,97.0,65449.0,0.0,45729.0
901,0.0,0.01,-0.09,-0.14,95.0,65144.0,0.0,45779.0
902,0.0,0.01,-0.09,-0.04,93.0,63668.0,0.0,45830.0
903,0.0,0.01,-0.09,0.05,90.0,63880.0,0.0,45880.0
904,0.0,0.01,-0.09,0.13,77.0,64968.0,0.0,45931.0
905,0.0,0.01,-0.09,0.2,73.0,65153.0,0.0,45981.0
906,0.0,0.01,-0.08,0.27,70.0,283.0,0.0,46031.0
907,0.0,0.01,-0.08,0.33,68.0,65355.0,0.0,46082.0
908,0.0,0.01,-0.08,0.38,65.0,77.0,0.0,46132.0
909,0.0,0.01,-0.08,0.42,65.0,63720.0,0.0,46183.0
910,0.0,0.01,-0.08,0.46,57.0,64454.0,0.0,46233.0
911,0.0,0.01,-0.08,0.49,47.0,65381.0,0.0,46283.0
912,0.0,0.0,-0.07,0.52,44.0,65436.0,0.0,46333.0
913,0.0,0.0,-0.07,0.54,41.0,117.0,0.0,46385.0
914,0.0,0.0,-0.07,0.55,40.0,65144.0,0.0,46435.0
915,0.0,0.0,-0.06,0.57,38.0,64988.0,0.0,46485.0
916,0.0,0.0,-0.06,0.57,35.0,65078.0,0.0,46535.0
917,0.0,0.0,-0.06,0.58,31.0,64661.0,0.0,46586.0
918,0.0,0.0,-0.06,0.58,24.0,65235.0,0.0,46637.0
919,0.0,0.0,-0.05,0.58,17.0,156.0,0.0,46687.0
920,0.0,0.0,-0.05,0.57,16.0,336.0,0.0,46737.0
921,0.0,0.0,-0.05,0.57,16.0,65469.0,0.0,46787.0
922,0.0,0.0,-0.04,0.56,15.0,345.0,0.0,46838.0
923,0.0,0.0,-0.04,0.55,14.0,61.0,0.0,46888.0
924,0.0,0.0,-0.04,0.53,14.0,285.0,0.0,46939.0
925,0.0,0.0,-0.04,0.52,11.0,65310.0,0.0,46989.0
926,0.0,0.0,-0.03,0.5,9.0,65389.0,0.0,47040.0
927,0.0,0.0,-0.03,0.49,8.0,64908.0,0.0,47090.0
928,0.0,0.0,-0.03,0.47,6.0,64919.0,0.0,47140.0
929,0.0,0.0,-0.03,0.45,3.0,64777.0,0.0,47191.0
930,0.0,0.0,-0.02,0.43,-1.0,64953.0,0.0,47241.0
931,0.0,0.0,-0.02,0.41,-6.0,621.0,0.0,47292.0
932,0.0,0.0,-0.02,0.39,-5.0,51.0,0.0,47342.0
933,0.0,-0.0,-0.02,0.37,-5.0,65273.0,0.0,47392.0
934,0.0,-0.0,-0.02,0.36,-4.0,172.0,0.0,47442.0
935,0.0,-0.0,-0.01,0.34,-4.0,65526.0,0.0,47494.0
936,0.0,-0.0,-0.01,0.32,-5.0,65526.0,0.0,47544.0
937,0.0,-0.0,-0.01,0.3,-5.0,65361.0,0.0,47594.0
938,0.0,-0.0,-0.01,0.28,-6.0,65514.0,0.0,47644.0
939,0.0,-0.0,-0.01,0.26,-6.0,65424.0,0.0,47694.0
940,0.0,-0.0,-0.01,0.24,-6.0,64725.0,0.0,47746.0
941,0.0,-0.0,-0.01,0.23,-8.0,65518.0,0.0,47796.0
942,0.0,-0.0,-0.0,0.21,-9.0,195.0,0.0,47846.0
943,0.0,-0.0,-0.0,0.19,-9.0,160.0,0.0,47896.0
944,0.0,-0.0,-0.0,0.18,-8.0,64628.0,0.0,47947.0
945,0.0,-0.0,-0.0,0.16,-9.0,14.0,0.0,47997.0
946,0.0,-0.0,-0.0,0.15,-9.0,65525.0,0.0,48048.0
947,0.0,-0.0,-0.0,0.13,-9.0,19.0,0.0,48098.0
948,0.0,-0.0,0.0,0.12,-9.0,1.0,0.0,48148.0
949,0.0,-0.0,0.0,0.11,-7.0,65125.0,0.0,48199.0
950,0.0,-0.0,0.0,0.1,-9.0,11.0,0.0,48249.0
951,0.0,-0.0,0.0,0.08,-9.0,14.0,0.0,48300.0
952,0.0,-0.0,0.0,0.07,-9.0,65530.0,0.0,48350.0
953,0.0,-0.0,0.0,0.06,-8.0,6.0,0.0,48400.0
954,0.0,-0.0,0.0,0.05,-7.0,65306.0,0.0,48451.0
955,0.0,-0.0,0.0,0.05,-9.0,43.0,0.0,48501.0
956,0.0,-0.0,0.0,0.04,-8.0,308.0,0.0,48551.0
957,0.0,-0.0,0.0,0.03,-8.0,83.0,0.0,48602.0
958,0.0,-0.0,0.0,0.02,-8.0,65501.0,0.0,48653.0
959,0.0,-0.0,0.0,0.02,-8.0,107.0,0.0,48703.0
960,0.0,-0.0,0.0,0.01,-8.0,137.0,0.0,48753.0
961,0.0,-0.0,0.0,0.01,-7.0,107.0,0.0,48803.0
962,0.0,-0.0,0.0,0.0,-7.0,101.0,0.0,48855.0
963,0.0,-0.0,0.0,-0.0,-7.0,89.0,0.0,48905.0
964,0.0,-0.0,0.0,-0.01,-7.0,159.0,0.0,48955.0
965,0.0,-0.0,0.0,-0.01,-6.0,158.0,0.0,49005.0
966,0.0,-0.0,0.0,-0.01,-6.0,172.0,0.0,49056.0
967,0.0,-0.0,0.0,-0.02,-6.0,198.0,0.0,49106.0
968,0.0,-0.0,0.0,-0.02,-5.0,65220.0,0.0,49157.0
969,0.0,-0.0,0.0,-0.02,-6.0,452.0,0.0,49207.0
970,0.0,-0.0,0.0,-0.02,-4.0,65500.0,0.0,49258.0
971,0.0,-0.0,0.0,-0.03,-5.0,1218.0,0.0,49308.0
972,0.0,-0.0,0.0,-0.03,-4.0,65420.0,0.0,49358.0
973,0.0,-0.0,0.0,-0.03,-5.0,263.0,0.0,49409.0
974,0.0,-0.0,0.0,-0.03,-5.0,54.0,0.0,49459.0
975,0.0,-0.0,0.0,-0.03,-4.0,65445.0,0.0,49510.0
976,0.0,-0.0,0.0,-0.03,-4.0,72.0,0.0,49560.0
977,0.0,-0.0,0.0,-0.03,-4.0,72.0,0.0,49610.0
978,0.0,-0.0,0.0,-0.03,-4.0,72.0,0.0,49660.0
979,0.0,-0.0,0.0,-0.03,-4.0,70.0,0.0,49711.0
980,0.0,-0.0,0.0,-0.03,-4.0,65290.0,0.0,49762.0
981,0.0,-0.0,0.0,-0.03,-4.0,62.0,0.0,49812.0
982,0.0,-0.0,0.0,-0.03,-3.0,90.0,0.0,49862.0
983,0.0,-0.0,0.0,-0.03,-3.0,435.0,0.0,49913.0
984,0.0,-0.0,0.0,-0.03,-3.0,108.0,0.0,49964.0
985,0.0,-0.0,0.0,-0.03,-2.0,65400.0,0.0,50014.0
986,0.0,-0.0,0.0,-0.03,-2.0,65445.0,0.0,50064.0
987,0.0,-0.0,0.0,-0.02,-2.0,65236.0,0.0,50115.0
988,0.0,-0.0,0.0,-0.02,-3.0,389.0,0.0,50165.0
989,0.0,-0.0,0.0,-0.02,-3.0,71.0,0.0,50215.0
990,0.0,-0.0,0.0,-0.02,-3.0,65535.0,0.0,50266.0
991,0.0,-0.0,0.0,-0.02,-3.0,671.0,0.0,50316.0
992,0.0,-0.0,0.0,-0.02,-3.0,770.0,0.0,50367.0
993,0.0,0.0,0.0,-0.02,-2.0,65027.0,0.0,50417.0
994,0.0,0.0,0.0,-0.02,-3.0,65535.0,0.0,50467.0
995,0.0,0.0,0.0,-0.02,-3.0,65518.0,0.0,50518.0
996,0.0,0.0,0.0,-0.02,-3.0,65518.0,0.0,50569.0
997,0.0,0.0,0.0,-0.01,-3.0,65491.0,0.0,50619.0
998,0.0,0.0,0.0,-0.01,-1.0,65273.0,0.0,50669.0
999,0.0,0.0,0.0,-0.01,-4.0,65528.0,0.0,50719.0
1000,0.0,0.0,0.0,-0.01,-3.0,65535.0,0.0,50769.0
1001,0.0,0.0,0.0,-0.01,-1.0,64998.0,0.0,50821.0
1002,0.0,0.0,0.0,-0.01,-3.0,36.0,0.0,50871.0
1003,0.0,0.0,0.0,-0.01,-3.0,18.0,0.0,50921.0
1004,0.0,0.0,0.0,-0.01,-2.0,65445.0,0.0,50971.0
1005,0.0,0.0,0.0,-0.01,-3.0,18.0,0.0,51021.0
1006,0.0,0.0,0.0,-0.01,-3.0,8.0,0.0,51073.0
1007,0.0,0.0,-0.0,-0.01,-3.0,27.0,0.0,51123.0
1008,0.0,0.0,-0.0,-0.01,-3.0,308.0,0.0,51173.0
1009,0.0,0.0,-0.0,-0.01,-3.0,27.0,0.0,51223.0
1010,0.0,0.0,-0.0,-0.0,-3.0,65382.0,0.0,51274.0
1011,0.0,0.0,-0.0,-0.0,-3.0,36.0,0.0,51324.0
1012,0.0,0.0,-0.0,-0.0,-3.0,18.0,0.0,51375.0
1013,0.0,0.0,-0.0,-0.0,-3.0,571.0,0.0,51425.0
1014,0.0,0.0,-0.0,-0.0,-3.0,779.0,0.0,51476.0
1015,0.0,0.0,-0.0,-0.0,-3.0,172.0,0.0,51526.0
1016,0.0,0.0,-0.0,-0.0,-3.0,18.0,0.0,51576.0
1017,0.0,0.0,-0.0,-0.0,-3.0,27.0,0.0,51627.0
1018,0.0,0.0,-0.0,-0.0,-3.0,154.0,0.0,51677.0
1019,0.0,0.0,-0.0,-0.0,-3.0,72.0,0.0,51728.0
1020,0.0,0.0,-0.0,-0.0,-3.0,36.0,0.0,51778.0
1021,0.0,0.0,-0.0,-0.0,-3.0,489.0,0.0,51828.0
1022,0.0,0.0,-0.0,0.0,-3.0,36.0,0.0,51878.0
1023,0.0,0.0,-0.0,0.0,-3.0,45.0,0.0,51930.0
1024,0.0,0.0,-0.0,0.0,-3.0,27.0,0.0,51980.0
1025,0.0,0.0,-0.0,0.0,-3.0,36.0,0.0,52030.0
1026,0.0,0.0,-0.0,0.0,-3.0,135.0,0.0,52080.0
1027,0.0,0.0,-0.0,0.0,-3.0,53.0,0.0,52130.0
1028,0.0,0.0,-0.0,0.0,-3.0,36.0,0.0,52182.0
1029,0.0,0.0,-0.0,0.0,-3.0,45.0,0.0,52232.0
1030,0.0,0.0,-0.0,0.0,-3.0,45.0,0.0,52282.0
1031,0.0,0.0,-0.0,0.0,-3.0,53.0,0.0,52332.0
1032,0.0,0.0,-0.0,0.0,-3.0,90.0,0.0,52383.0
1033,0.0,0.0,-0.0,0.0,-3.0,36.0,0.0,52433.0
1034,0.0,0.0,-0.0,0.0,-3.0,36.0,0.0,52484.0
1035,0.0,0.0,-0.0,0.0,-3.0,36.0,0.0,52534.0
1036,0.0,0.0,-0.0,0.0,-3.0,27.0,0.0,52585.0
1037,0.0,0.0,-0.0,0.0,-3.0,54.0,0.0,52635.0
1038,0.0,0.0,-0.0,0.0,-3.0,36.0,0.0,52685.0
1039,0.0,0.0,-0.0,0.0,-3.0,36.0,0.0,52736.0
1040,0.0,0.0,-0.0,0.0,-3.0,36.0,0.0,52786.0
1041,0.0,0.0,-0.0,0.0,-3.0,117.0,0.0,52837.0
1042,0.0,0.0,-0.0,0.0,-1.0,64617.0,0.0,52887.0
1043,0.0,0.0,-0.0,0.0,-3.0,444.0,0.0,52937.0
1044,0.0,0.0,-0.0,0.0,-2.0,64909.0,0.0,52988.0
1045,0.0,0.0,-0.0,0.0,-3.0,65517.0,0.0,53039.0
1046,0.0,0.0,-0.0,0.0,-3.0,65508.0,0.0,53089.0
1047,0.0,0.0,-0.0,0.0,-3.0,65518.0,0.0,53139.0
1048,0.0,0.0,-0.0,0.0,-3.0,65517.0,0.0,53189.0
1049,0.0,0.0,-0.0,0.0,-3.0,707.0,0.0,53240.0
1050,0.0,0.0,-0.0,0.0,-3.0,65535.0,0.0,53291.0
1051,0.0,0.0,-0.0,0.0,-3.0,65526.0,0.0,53341.0
1052,0.0,-0.0,-0.0,0.0,-3.0,65518.0,0.0,53391.0
1053,0.0,-0.0,-0.0,0.0,-3.0,36.0,0.0,53441.0
1054,0.0,-0.0,-0.0,0.0,-2.0,65392.0,0.0,53492.0
1055,0.0,-0.0,-0.0,0.0,-3.0,65535.0,0.0,53542.0
1056,0.0,-0.0,-0.0,0.0,-3.0,65526.0,0.0,53593.0
1057,0.0,-0.0,-0.0,0.0,-3.0,65535.0,0.0,53643.0
1058,0.0,-0.0,-0.0,0.0,-3.0,27.0,0.0,53694.0
1059,0.0,-0.0,-0.0,0.0,-2.0,65373.0,0.0,53744.0
1060,0.0,-0.0,-0.0,0.0,-3.0,8.0,0.0,53794.0
1061,0.0,-0.0,-0.0,0.0,-3.0,18.0,0.0,53844.0
1062,0.0,-0.0,-0.0,0.0,-3.0,8.0,0.0,53895.0
1063,0.0,-0.0,-0.0,0.0,-4.0,0.0,0.0,53946.0
1064,0.0,-0.0,-0.0,0.0,-3.0,53.0,0.0,53996.0
1065,0.0,-0.0,-0.0,0.0,-3.0,53.0,0.0,54046.0
1066,0.0,-0.0,-0.0,0.0,-3.0,53.0,0.0,54096.0
1067,0.0,-0.0,0.0,0.0,-3.0,1069.0,0.0,54148.0
1068,0.0,-0.0,0.0,0.0,-3.0,53.0,0.0,54198.0
1069,0.0,-0.0,0.0,0.0,-3.0,81.0,0.0,54248.0
1070,0.0,-0.0,0.0,0.0,-3.0,453.0,0.0,54298.0
1071,0.0,-0.0,0.0,0.0,-3.0,53.0,0.0,54349.0
1072,0.0,-0.0,0.0,0.0,-3.0,44.0,0.0,54400.0
1073,0.0,-0.0,0.0,0.0,-3.0,72.0,0.0,54450.0
1074,0.0,-0.0,0.0,0.0,-3.0,135.0,0.0,54500.0
1075,0.0,-0.0,0.0,0.0,-2.0,65092.0,0.0,54551.0
1076,0.0,-0.0,0.0,0.0,-3.0,72.0,0.0,54601.0
1077,0.0,-0.0,0.0,0.0,-3.0,36.0,0.0,54651.0
1078,0.0,-0.0,0.0,0.0,-3.0,53.0,0.0,54702.0
1079,0.0,-0.0,0.0,0.0,-3.0,45.0,0.0,54752.0
1080,0.0,-0.0,0.0,0.0,-3.0,53.0,0.0,54803.0
1081,0.0,-0.0,0.0,0.0,-3.0,1258.0,0.0,54853.0
1082,0.0,-0.0,0.0,-0.0,-3.0,300.0,0.0,54903.0
1083,0.0,-0.0,0.0,-0.0,-2.0,65236.0,0.0,54953.0
1084,0.0,-0.0,0.0,-0.0,-3.0,18.0,0.0,55005.0
1085,0.0,-0.0,0.0,-0.0,-2.0,64357.0,0.0,55055.0
1086,0.0,-0.0,0.0,-0.0,-3.0,588.0,0.0,55105.0
1087,0.0,-0.0,0.0,-0.0,-2.0,65172.0,0.0,55155.0
1088,0.0,-0.0,0.0,-0.0,-3.0,27.0,0.0,55205.0
1089,0.0,-0.0,0.0,-0.0,-3.0,18.0,0.0,55257.0
1090,0.0,-0.0,0.0,-0.0,-3.0,65535.0,0.0,55307.0
1091,0.0,-0.0,0.0,-0.0,-3.0,65464.0,0.0,55357.0
1092,0.0,-0.0,0.0,-0.0,-3.0,36.0,0.0,55407.0
1093,0.0,-0.0,0.0,-0.0,-3.0,18.0,0.0,55458.0
1094,0.0,-0.0,0.0,-0.0,-2.0,225.0,0.0,55508.0
1095,0.0,-0.0,0.0,-0.0,-2.0,65281.0,0.0,55559.0
1096,0.0,-0.0,0.0,-0.0,-3.0,145.0,0.0,55609.0
1097,0.0,-0.0,0.0,-0.0,-3.0,18.0,0.0,55660.0
1098,0.0,-0.0,0.0,-0.0,-3.0,17.0,0.0,55710.0
1099,0.0,-0.0,0.0,-0.0,-3.0,65518.0,0.0,55760.0
1100,0.0,-0.0,0.0,-0.0,-3.0,44.0,0.0,55811.0
1101,0.0,-0.0,0.0,-0.0,-2.0,65037.0,0.0,55862.0
1102,0.0,-0.0,0.0,-0.0,-3.0,63.0,0.0,55912.0
1103,0.0,-0.0,0.0,-0.0,-3.0,108.0,0.0,55962.0
1104,0.0,-0.0,0.0,-0.0,-2.0,65137.0,0.0,56012.0
1105,0.0,-0.0,0.0,-0.0,-2.0,64936.0,0.0,56064.0
1106,0.0,-0.0,0.0,-0.0,-1.0,65189.0,0.0,56114.0
