Sample Number (10000 samples per second),LoadCell (),X1 (),X2 (),X3 (),EPOSPosition (),EPOSCurrent (),Encoder (),Time (ms)
0,0.0,0.0,0.0,0.0,0.0,0.0,0.0,319.0
1,0.0,0.0,0.0,0.0,0.0,0.0,0.0,321.0
2,0.0,0.0,0.0,0.0,0.0,0.0,0.0,365.0
3,0.0,0.0,0.0,0.0,0.0,0.0,0.0,416.0
4,0.0,0.0,0.0,0.0,0.0,0.0,0.0,466.0
5,0.0,0.0,0.0,0.0,0.0,0.0,0.0,517.0
6,0.0,0.0,0.0,0.0,0.0,0.0,0.0,567.0
7,0.0,0.0,0.0,0.0,0.0,0.0,0.0,618.0
8,0.0,0.0,0.0,0.0,0.0,0.0,0.0,668.0
9,0.0,0.0,0.0,0.0,0.0,0.0,0.0,718.0
10,0.0,0.0,0.0,0.0,0.0,0.0,0.0,769.0
11,0.0,0.0,0.0,0.0,0.0,0.0,0.0,819.0
12,0.0,0.0,0.0,0.0,0.0,0.0,0.0,870.0
13,0.0,0.0,0.0,0.0,0.0,0.0,0.0,920.0
14,0.0,0.0,0.0,0.0,0.0,0.0,0.0,970.0
15,0.0,0.0,0.0,0.0,0.0,0.0,0.0,1020.0
16,0.0,0.0,0.0,0.0,0.0,0.0,0.0,1072.0
17,0.0,0.0,0.0,0.0,0.0,0.0,0.0,1122.0
18,0.0,0.0,0.0,0.0,0.0,0.0,0.0,1172.0
19,0.0,0.0,0.0,0.0,0.0,0.0,0.0,1222.0
20,0.0,0.0,0.0,0.0,0.0,0.0,0.0,1273.0
21,0.0,0.0,0.0,0.0,0.0,0.0,0.0,1324.0
22,0.0,0.0,0.0,0.0,0.0,0.0,0.0,1374.0
23,0.0,0.0,0.0,0.0,0.0,0.0,0.0,1424.0
24,0.0,0.0,0.0,0.0,0.0,0.0,0.0,1474.0
25,0.0,0.0,0.0,0.0,0.0,0.0,0.0,1525.0
26,0.0,0.0,0.0,0.0,0.0,0.0,0.0,1575.0
27,0.0,0.0,0.0,0.0,0.0,0.0,0.0,1626.0
28,0.0,0.0,0.0,0.0,0.0,0.0,0.0,1676.0
29,0.0,0.0,0.0,0.0,0.0,0.0,0.0,1727.0
30,0.0,0.0,0.0,0.0,0.0,0.0,0.0,1777.0
31,0.0,0.0,0.0,0.0,0.0,0.0,0.0,1827.0
32,0.0,0.0,0.0,0.0,0.0,0.0,0.0,1878.0
33,0.0,0.0,0.0,0.0,0.0,0.0,0.0,1929.0
34,0.0,0.0,0.0,0.0,0.0,0.0,0.0,1979.0
35,0.0,0.0,0.0,0.0,0.0,0.0,0.0,2029.0
36,0.0,0.0,0.0,0.0,0.0,0.0,0.0,2079.0
37,0.0,0.0,0.0,0.0,0.0,0.0,0.0,2129.0
38,0.0,0.0,0.0,0.0,0.0,0.0,0.0,2181.0
39,0.0,0.0,0.0,0.0,0.0,0.0,0.0,2231.0
40,0.0,0.0,0.0,0.0,0.0,0.0,0.0,2281.0
41,0.0,0.0,0.0,0.0,0.0,0.0,0.0,2331.0
42,0.0,0.0,0.0,0.0,0.0,0.0,0.0,2382.0
43,0.0,0.0,0.0,0.0,0.0,0.0,0.0,2433.0
44,0.0,0.0,0.0,0.0,0.0,0.0,0.0,2483.0
45,0.0,0.0,0.0,0.0,0.0,0.0,0.0,2533.0
46,0.0,0.0,0.0,0.0,0.0,0.0,0.0,2584.0
47,0.0,0.0,0.0,0.0,0.0,0.0,0.0,2634.0
48,0.0,0.0,0.0,0.0,0.0,0.0,0.0,2684.0
49,0.0,0.0,0.0,0.0,0.0,0.0,0.0,2735.0
50,0.0,0.0,0.0,0.0,0.0,0.0,0.0,2785.0
51,0.0,0.0,0.0,0.0,0.0,0.0,0.0,2836.0
52,0.0,0.0,0.0,0.0,0.0,0.0,0.0,2886.0
53,0.0,0.0,0.0,0.0,0.0,0.0,0.0,2936.0
54,0.0,0.0,0.0,0.0,0.0,0.0,0.0,2987.0
55,0.0,0.0,0.0,0.0,0.0,0.0,0.0,3038.0
56,0.0,0.0,0.0,0.0,0.0,0.0,0.0,3088.0
57,0.0,0.0,0.0,0.0,0.0,0.0,0.0,3138.0
58,0.0,0.0,0.0,0.0,0.0,0.0,0.0,3188.0
59,0.0,0.0,0.0,0.0,0.0,0.0,0.0,3239.0
60,0.0,0.0,0.0,0.0,0.0,0.0,0.0,3290.0
61,0.0,0.0,0.0,0.0,0.0,0.0,0.0,3340.0
62,0.0,0.0,0.0,0.0,0.0,0.0,0.0,3390.0
63,0.0,0.0,0.0,0.0,0.0,0.0,0.0,3440.0
64,0.0,0.0,0.0,0.0,0.0,0.0,0.0,3491.0
65,0.0,0.0,0.0,0.0,0.0,0.0,0.0,3542.0
66,0.0,0.0,0.0,0.0,0.0,0.0,0.0,3592.0
67,0.0,0.0,0.0,0.0,0.0,0.0,0.0,3642.0
68,0.0,0.0,0.0,0.0,0.0,0.0,0.0,3693.0
69,0.0,0.0,0.0,0.0,0.0,0.0,0.0,3743.0
70,0.0,0.0,0.0,0.0,0.0,0.0,0.0,3793.0
71,0.0,0.0,0.0,0.0,0.0,0.0,0.0,3844.0
72,0.0,0.0,0.0,0.0,0.0,0.0,0.0,3895.0
73,0.0,0.0,0.0,0.0,0.0,0.0,0.0,3945.0
74,0.0,0.0,0.0,0.0,0.0,0.0,0.0,3995.0
75,0.0,0.0,0.0,0.0,0.0,0.0,0.0,4045.0
76,0.0,0.0,0.0,0.0,0.0,0.0,0.0,4096.0
77,0.0,0.0,0.0,0.0,0.0,0.0,0.0,4147.0
78,0.0,0.0,0.0,0.0,0.0,0.0,0.0,4197.0
79,0.0,0.0,0.0,0.0,0.0,0.0,0.0,4247.0
80,0.0,0.0,0.0,0.0,0.0,0.0,0.0,4297.0
81,0.0,0.0,0.0,0.0,0.0,0.0,0.0,4348.0
82,0.0,0.0,0.0,0.0,0.0,0.0,0.0,4399.0
83,0.0,0.0,0.0,0.0,0.0,0.0,0.0,4449.0
84,0.0,0.0,0.0,0.0,0.0,0.0,0.0,4499.0
85,0.0,0.0,0.0,0.0,0.0,0.0,0.0,4550.0
86,0.0,0.0,0.0,0.0,0.0,0.0,0.0,4600.0
87,0.0,0.0,0.0,0.0,0.0,0.0,0.0,4651.0
88,0.0,0.0,0.0,0.0,0.0,0.0,0.0,4701.0
89,0.0,0.0,0.0,0.0,0.0,0.0,0.0,4751.0
90,0.0,0.0,0.0,0.0,0.0,0.0,0.0,4802.0
91,0.0,0.0,0.0,0.0,0.0,0.0,0.0,4852.0
92,0.0,0.0,0.0,0.0,0.0,0.0,0.0,4902.0
93,0.0,0.0,0.0,0.0,0.0,0.0,0.0,4953.0
94,0.0,0.0,0.0,0.0,0.0,0.0,0.0,5004.0
95,0.0,0.0,0.0,0.0,0.0,0.0,0.0,5054.0
96,0.0,0.0,0.0,0.0,0.0,0.0,0.0,5104.0
97,0.0,0.0,0.0,0.0,0.0,0.0,0.0,5154.0
98,0.0,0.0,0.0,0.0,0.0,0.0,0.0,5206.0
99,0.0,0.0,0.0,0.0,0.0,0.0,0.0,5256.0
100,0.0,0.0,0.0,0.0,0.0,0.0,0.0,5306.0
101,0.0,0.0,0.0,0.0,0.0,0.0,0.0,5356.0
102,0.0,0.0,0.0,0.0,0.0,0.0,0.0,5406.0
103,0.0,0.0,0.0,0.0,0.0,0.0,0.0,5457.0
104,0.0,0.0,0.0,0.0,0.0,0.0,0.0,5508.0
105,0.0,0.0,0.0,0.0,0.0,0.0,0.0,5558.0
106,0.0,0.0,0.0,0.0,0.0,0.0,0.0,5608.0
107,0.0,0.0,0.0,0.0,0.0,0.0,0.0,5659.0
108,0.0,0.0,0.0,0.0,0.0,0.0,0.0,5709.0
109,0.0,0.0,0.0,0.0,0.0,0.0,0.0,5760.0
110,0.0,0.0,0.0,0.0,0.0,0.0,0.0,5810.0
111,0.0,0.0,0.0,0.0,0.0,0.0,0.0,5861.0
112,0.0,0.0,0.0,0.0,0.0,0.0,0.0,5911.0
113,0.0,0.0,0.0,0.0,0.0,0.0,0.0,5961.0
114,0.0,0.0,0.0,0.0,0.0,0.0,0.0,6011.0
115,0.0,0.0,0.0,0.0,0.0,0.0,0.0,6062.0
116,0.0,0.0,0.0,0.0,0.0,0.0,0.0,6113.0
117,0.0,0.0,0.0,0.0,0.0,0.0,0.0,6163.0
118,0.0,0.0,0.0,0.0,0.0,0.0,0.0,6213.0
119,0.0,0.0,0.0,0.0,0.0,0.0,0.0,6263.0
120,0.0,0.0,0.0,0.0,0.0,0.0,0.0,6315.0
121,0.0,0.0,0.0,0.0,0.0,0.0,0.0,6365.0
122,0.0,0.0,0.0,0.0,0.0,0.0,0.0,6415.0
123,0.0,0.0,0.0,0.0,0.0,0.0,0.0,6465.0
124,0.0,0.0,0.0,0.0,0.0,0.0,0.0,6516.0
125,0.0,0.0,0.0,0.0,0.0,0.0,0.0,6566.0
126,0.0,0.0,0.0,0.0,0.0,0.0,0.0,6617.0
127,0.0,0.0,0.0,0.0,0.0,0.0,0.0,6667.0
128,0.0,0.0,0.0,0.0,0.0,0.0,0.0,6717.0
129,0.0,0.0,0.0,0.0,0.0,0.0,0.0,6768.0
130,0.0,0.0,0.0,0.0,0.0,0.0,0.0,6818.0
131,0.0,0.0,0.0,0.0,0.0,0.0,0.0,6868.0
132,0.0,0.0,0.0,0.0,0.0,0.0,0.0,6919.0
133,0.0,0.0,0.0,0.0,0.0,0.0,0.0,6970.0
134,0.0,0.0,0.0,0.0,0.0,0.0,0.0,7020.0
135,0.0,0.0,0.0,0.0,0.0,0.0,0.0,7070.0
136,0.0,0.0,0.0,0.0,0.0,0.0,0.0,7120.0
137,0.0,0.0,0.0,0.0,0.0,0.0,0.0,7172.0
138,0.0,0.0,0.0,0.0,0.0,0.0,0.0,7222.0
139,0.0,0.0,0.0,0.0,0.0,0.0,0.0,7272.0
140,0.0,0.0,0.0,0.0,0.0,0.0,0.0,7322.0
141,0.0,0.0,0.0,0.0,0.0,0.0,0.0,7372.0
142,0.0,0.0,0.0,0.0,0.0,0.0,0.0,7424.0
143,0.0,0.0,0.0,0.0,0.0,0.0,0.0,7474.0
144,0.0,0.0,0.0,0.0,0.0,0.0,0.0,7524.0
145,0.0,0.0,0.0,0.0,0.0,0.0,0.0,7574.0
146,0.0,0.0,0.0,0.0,0.0,0.0,0.0,7625.0
147,0.0,0.0,0.0,0.0,0.0,0.0,0.0,7675.0
148,0.0,0.0,0.0,0.0,0.0,0.0,0.0,7726.0
149,0.0,0.0,0.0,0.0,0.0,0.0,0.0,7776.0
150,0.0,0.0,0.0,0.0,0.0,0.0,0.0,7827.0
151,0.0,0.0,0.0,0.0,0.0,0.0,0.0,7877.0
152,0.0,0.0,0.0,0.0,0.0,0.0,0.0,7927.0
153,0.0,0.0,0.0,0.0,0.0,0.0,0.0,7977.0
154,0.0,0.0,0.0,0.0,0.0,0.0,0.0,8028.0
155,0.0,0.0,0.0,0.0,0.0,0.0,0.0,8079.0
156,0.0,0.0,0.0,0.0,0.0,0.0,0.0,8129.0
157,0.0,0.0,0.0,0.0,0.0,0.0,0.0,8179.0
158,0.0,0.0,0.0,0.0,0.0,0.0,0.0,8229.0
159,0.0,0.0,0.0,0.0,0.0,0.0,0.0,8281.0
160,0.0,0.0,0.0,0.0,0.0,0.0,0.0,8331.0
161,0.0,0.0,0.0,0.0,0.0,0.0,0.0,8381.0
162,0.0,0.0,0.0,0.0,0.0,0.0,0.0,8431.0
163,0.0,0.0,0.0,0.0,0.0,0.0,0.0,8482.0
164,0.0,0.0,0.0,0.0,0.0,0.0,0.0,8532.0
165,0.0,0.0,0.0,0.0,0.0,0.0,0.0,8583.0
166,0.0,0.0,0.0,0.0,0.0,0.0,0.0,8633.0
167,0.0,0.0,0.0,0.0,0.0,0.0,0.0,8683.0
168,0.0,0.0,0.0,0.0,0.0,0.0,0.0,8734.0
169,0.0,0.0,0.0,0.0,0.0,0.0,0.0,8784.0
170,0.0,0.0,0.0,0.0,0.0,0.0,0.0,8835.0
171,0.0,0.0,0.0,0.0,0.0,0.0,0.0,8885.0
172,0.0,0.0,0.0,0.0,0.0,0.0,0.0,8936.0
173,0.0,0.0,0.0,0.0,0.0,0.0,0.0,8986.0
174,0.0,0.0,0.0,0.0,0.0,0.0,0.0,9036.0
175,0.0,0.0,0.0,0.0,0.0,0.0,0.0,9086.0
176,0.0,0.0,0.0,0.0,0.0,0.0,0.0,9138.0
177,0.0,0.0,0.0,0.0,0.0,0.0,0.0,9188.0
178,0.0,0.0,0.0,0.0,0.0,0.0,0.0,9238.0
179,0.0,0.0,0.0,0.0,0.0,0.0,0.0,9288.0
180,0.0,0.0,0.0,0.0,0.0,0.0,0.0,9338.0
181,0.0,0.0,0.0,0.0,0.0,0.0,0.0,9390.0
182,0.0,0.0,0.0,0.0,0.0,0.0,0.0,9440.0
183,0.0,0.0,0.0,0.0,0.0,0.0,0.0,9490.0
184,0.0,0.0,0.0,0.0,0.0,0.0,0.0,9540.0
185,0.0,0.0,0.0,0.0,0.0,0.0,0.0,9591.0
186,0.0,0.0,0.0,0.0,0.0,0.0,0.0,9641.0
187,0.0,0.0,0.0,0.0,0.0,0.0,0.0,9692.0
188,0.0,0.0,0.0,0.0,0.0,0.0,0.0,9742.0
189,0.0,0.0,0.0,0.0,0.0,0.0,0.0,9793.0
190,0.0,0.0,0.0,0.0,0.0,0.0,0.0,9843.0
191,0.0,0.0,0.0,0.0,0.0,0.0,0.0,9893.0
192,0.0,0.0,0.0,0.0,0.0,0.0,0.0,9944.0
193,0.0,0.0,0.0,0.0,0.0,0.0,0.0,9994.0
194,0.0,0.0,0.0,0.0,0.0,0.0,0.0,10045.0
195,0.0,0.0,0.0,0.0,0.0,0.0,0.0,10095.0
196,0.0,0.0,0.0,0.0,0.0,0.0,0.0,10145.0
197,0.0,0.0,0.0,0.0,0.0,0.0,0.0,10195.0
198,0.0,0.0,0.0,0.0,0.0,0.0,0.0,10247.0
199,0.0,0.0,0.0,0.0,0.0,0.0,0.0,10297.0
200,0.0,0.0,0.0,0.0,0.0,0.0,0.0,10347.0
201,0.0,0.0,0.0,0.0,0.0,0.0,0.0,10397.0
202,0.0,0.0,0.0,0.0,0.0,0.0,0.0,10448.0
203,0.0,0.0,0.0,0.0,0.0,0.0,0.0,10499.0
204,0.0,0.0,0.0,0.0,0.0,0.0,0.0,10549.0
205,0.0,0.0,0.0,0.0,0.0,0.0,0.0,10599.0
206,50.0,0.0,0.0,1000.0,0.0,0.0,0.0,10650.0
207,50.0,0.0,50.0,800.0,0.0,0.0,0.0,10700.0
208,50.0,2.5,90.0,540.0,0.0,0.0,0.0,10750.0
209,50.0,7.0,117.0,252.0,0.0,0.0,0.0,10801.0
210,50.0,12.85,129.6,-32.4,0.0,0.0,0.0,10852.0
211,50.0,19.33,127.98,-285.12,0.0,0.0,0.0,10902.0
212,50.0,25.73,113.72,-484.06,0.0,0.0,0.0,10952.0
213,50.0,31.42,89.52,-614.69,0.0,0.0,0.0,11002.0
214,50.0,35.89,58.79,-670.8,0.0,0.0,0.0,11054.0
215,50.0,38.83,25.25,-654.21,0.0,0.0,0.0,11104.0
216,50.0,40.09,-7.46,-573.86,0.0,0.0,0.0,11154.0
217,50.0,39.72,-36.16,-444.16,0.0,0.0,0.0,11204.0
218,50.0,37.91,-58.36,-283.02,0.0,0.0,0.0,11255.0
219,50.0,34.99,-72.52,-109.68,0.0,0.0,0.0,11305.0
220,50.0,31.37,-78.0,57.29,0.0,0.0,0.0,11356.0
221,50.0,27.47,-75.14,201.83,0.0,0.0,0.0,11406.0
222,50.0,23.71,-65.04,311.73,0.0,0.0,0.0,11456.0
223,50.0,20.46,-49.46,379.48,0.0,0.0,0.0,11507.0
224,50.0,17.99,-30.48,402.5,0.0,0.0,0.0,11557.0
225,50.0,16.46,-10.36,382.96,0.0,0.0,0.0,11608.0
226,50.0,15.94,8.79,327.09,0.0,0.0,0.0,11658.0
227,50.0,16.38,25.14,244.09,0.0,0.0,0.0,11709.0
228,50.0,17.64,37.35,144.99,0.0,0.0,0.0,11759.0
229,50.0,19.51,44.6,41.29,0.0,0.0,0.0,11809.0
230,50.0,21.74,46.66,-56.16,0.0,0.0,0.0,11859.0
231,50.0,24.07,43.85,-138.25,0.0,0.0,0.0,11911.0
232,50.0,26.26,36.94,-198.31,0.0,0.0,0.0,11961.0
233,50.0,28.11,27.03,-232.53,0.0,0.0,0.0,12011.0
234,50.0,29.46,15.4,-240.08,0.0,0.0,0.0,12061.0
235,50.0,30.23,3.4,-222.86,0.0,0.0,0.0,12111.0
236,50.0,30.4,-7.75,-185.08,0.0,0.0,0.0,12163.0
237,50.0,30.01,-17.0,-132.57,0.0,0.0,0.0,12213.0
238,50.0,29.16,-23.63,-72.05,0.0,0.0,0.0,12263.0
239,50.0,27.98,-27.23,-10.38,0.0,0.0,0.0,12313.0
240,50.0,26.62,-27.75,46.16,0.0,0.0,0.0,12364.0
241,50.0,25.23,-25.44,92.43,0.0,0.0,0.0,12414.0
242,50.0,23.96,-20.82,124.83,0.0,0.0,0.0,12465.0
243,50.0,22.92,-14.58,141.51,0.0,0.0,0.0,12515.0
244,50.0,22.19,-7.5,142.37,0.0,0.0,0.0,12565.0
245,50.0,21.82,-0.39,128.91,0.0,0.0,0.0,12616.0
246,50.0,21.8,6.06,103.9,0.0,0.0,0.0,12666.0
247,50.0,22.1,11.25,71.0,0.0,0.0,0.0,12717.0
248,50.0,22.66,14.8,34.29,0.0,0.0,0.0,12767.0
249,50.0,23.4,16.52,-2.17,0.0,0.0,0.0,12818.0
250,50.0,24.23,16.41,-34.77,0.0,0.0,0.0,12868.0
251,50.0,25.05,14.67,-60.64,0.0,0.0,0.0,12918.0
252,50.0,25.78,11.64,-77.85,0.0,0.0,0.0,12968.0
253,50.0,26.36,7.75,-85.56,0.0,0.0,0.0,13020.0
254,50.0,26.75,3.47,-83.94,0.0,0.0,0.0,13070.0
255,50.0,26.93,-0.73,-74.09,0.0,0.0,0.0,13120.0
256,50.0,26.89,-4.43,-57.81,0.0,0.0,0.0,13170.0
257,50.0,26.67,-7.32,-37.38,0.0,0.0,0.0,13220.0
258,50.0,26.3,-9.19,-15.26,0.0,0.0,0.0,13272.0
259,50.0,25.84,-9.96,6.18,0.0,0.0,0.0,13322.0
260,50.0,25.34,-9.65,24.85,0.0,0.0,0.0,13372.0
261,50.0,24.86,-8.4,39.18,0.0,0.0,0.0,13422.0
262,50.0,24.44,-6.45,48.15,0.0,0.0,0.0,13473.0
263,50.0,24.12,-4.04,51.41,0.0,0.0,0.0,13523.0
264,50.0,23.92,-1.47,49.21,0.0,0.0,0.0,13574.0
265,50.0,23.84,0.99,42.3,0.0,0.0,0.0,13624.0
266,50.0,23.89,3.11,31.85,0.0,0.0,0.0,13674.0
267,50.0,24.05,4.7,19.27,0.0,0.0,0.0,13725.0
268,50.0,24.28,5.66,6.01,0.0,0.0,0.0,13775.0
269,50.0,24.57,5.96,-6.52,0.0,0.0,0.0,13826.0
270,50.0,24.86,5.64,-17.14,0.0,0.0,0.0,13876.0
271,50.0,25.15,4.78,-24.99,0.0,0.0,0.0,13927.0
272,50.0,25.39,3.53,-29.56,0.0,0.0,0.0,13977.0
273,50.0,25.56,2.05,-30.71,0.0,0.0,0.0,14027.0
274,50.0,25.67,0.52,-28.68,0.0,0.0,0.0,14077.0
275,50.0,25.69,-0.92,-23.98,0.0,0.0,0.0,14129.0
276,50.0,25.65,-2.11,-17.35,0.0,0.0,0.0,14179.0
277,50.0,25.54,-2.98,-9.65,0.0,0.0,0.0,14229.0
278,50.0,25.39,-3.46,-1.76,0.0,0.0,0.0,14279.0
279,50.0,25.22,-3.55,5.52,0.0,0.0,0.0,14329.0
280,50.0,25.04,-3.28,11.52,0.0,0.0,0.0,14381.0
281,50.0,24.88,-2.7,15.77,0.0,0.0,0.0,14431.0
282,50.0,24.74,-1.91,18.02,0.0,0.0,0.0,14481.0
283,50.0,24.65,-1.01,18.24,0.0,0.0,0.0,14531.0
284,50.0,24.59,-0.1,16.61,0.0,0.0,0.0,14582.0
285,50.0,24.59,0.73,13.49,0.0,0.0,0.0,14632.0
286,50.0,24.63,1.41,9.33,0.0,0.0,0.0,14683.0
287,50.0,24.7,1.87,4.65,0.0,0.0,0.0,14733.0
288,50.0,24.79,2.1,-0.02,0.0,0.0,0.0,14784.0
289,50.0,24.9,2.1,-4.23,0.0,0.0,0.0,14834.0
290,50.0,25.0,1.89,-7.59,0.0,0.0,0.0,14884.0
291,50.0,25.1,1.51,-9.86,0.0,0.0,0.0,14935.0
292,50.0,25.17,1.02,-10.91,0.0,0.0,0.0,14986.0
293,50.0,25.22,0.47,-10.77,0.0,0.0,0.0,15036.0
294,50.0,25.25,-0.06,-9.56,0.0,0.0,0.0,15086.0
295,50.0,25.24,-0.54,-7.52,0.0,0.0,0.0,15136.0
296,50.0,25.22,-0.92,-4.93,0.0,0.0,0.0,15186.0
297,50.0,25.17,-1.16,-2.11,0.0,0.0,0.0,15238.0
298,50.0,25.11,-1.27,0.64,0.0,0.0,0.0,15288.0
299,50.0,25.05,-1.24,3.05,0.0,0.0,0.0,15338.0
300,50.0,24.99,-1.09,4.92,0.0,0.0,0.0,15388.0
301,50.0,24.93,-0.84,6.11,0.0,0.0,0.0,15439.0
302,50.0,24.89,-0.53,6.56,0.0,0.0,0.0,15490.0
303,50.0,24.86,-0.21,6.32,0.0,0.0,0.0,15540.0
304,50.0,24.85,0.11,5.47,0.0,0.0,0.0,15590.0
305,50.0,24.86,0.38,4.15,0.0,0.0,0.0,15640.0
306,50.0,24.88,0.59,2.56,0.0,0.0,0.0,15691.0
307,50.0,24.91,0.72,0.86,0.0,0.0,0.0,15741.0
308,50.0,24.94,0.76,-0.75,0.0,0.0,0.0,15792.0
309,50.0,24.98,0.72,-2.12,0.0,0.0,0.0,15842.0
310,50.0,25.02,0.62,-3.15,0.0,0.0,0.0,15893.0
311,50.0,25.05,0.46,-3.76,0.0,0.0,0.0,15943.0
312,50.0,25.07,0.27,-3.93,0.0,0.0,0.0,15993.0
313,50.0,25.08,0.08,-3.69,0.0,0.0,0.0,16044.0
314,50.0,25.09,-0.11,-3.1,0.0,0.0,0.0,16095.0
315,50.0,25.08,-0.26,-2.27,0.0,0.0,0.0,16145.0
316,50.0,25.07,-0.38,-1.29,0.0,0.0,0.0,16195.0
317,50.0,25.05,-0.44,-0.28,0.0,0.0,0.0,16245.0
318,50.0,25.03,-0.45,0.66,0.0,0.0,0.0,16295.0
319,50.0,25.01,-0.42,1.43,0.0,0.0,0.0,16347.0
320,50.0,24.99,-0.35,1.99,0.0,0.0,0.0,16397.0
321,50.0,24.97,-0.25,2.29,0.0,0.0,0.0,16447.0
322,50.0,24.96,-0.14,2.33,0.0,0.0,0.0,16497.0
323,50.0,24.95,-0.02,2.14,0.0,0.0,0.0,16548.0
324,50.0,24.95,0.09,1.75,0.0,0.0,0.0,16599.0
325,50.0,24.95,0.18,1.22,0.0,0.0,0.0,16649.0
326,50.0,24.96,0.24,0.63,0.0,0.0,0.0,16699.0
327,50.0,24.97,0.27,0.03,0.0,0.0,0.0,16750.0
328,50.0,24.99,0.27,-0.51,0.0,0.0,0.0,16800.0
329,50.0,25.0,0.24,-0.95,0.0,0.0,0.0,16850.0
330,50.0,25.01,0.2,-1.25,0.0,0.0,0.0,16901.0
331,50.0,25.02,0.13,-1.39,0.0,0.0,0.0,16951.0
332,50.0,25.03,0.06,-1.38,0.0,0.0,0.0,17002.0
333,50.0,25.03,-0.0,-1.23,0.0,0.0,0.0,17052.0
334,50.0,25.03,-0.07,-0.98,0.0,0.0,0.0,17102.0
335,50.0,25.03,-0.12,-0.65,0.0,0.0,0.0,17153.0
336,50.0,25.02,-0.15,-0.29,0.0,0.0,0.0,17204.0
337,50.0,25.01,-0.16,0.06,0.0,0.0,0.0,17254.0
338,50.0,25.01,-0.16,0.37,0.0,0.0,0.0,17304.0
339,50.0,25.0,-0.14,0.62,0.0,0.0,0.0,17354.0
340,50.0,24.99,-0.11,0.77,0.0,0.0,0.0,17405.0
341,50.0,24.99,-0.07,0.84,0.0,0.0,0.0,17456.0
342,50.0,24.98,-0.03,0.81,0.0,0.0,0.0,17506.0
343,50.0,24.98,0.01,0.71,0.0,0.0,0.0,17556.0
344,50.0,24.98,0.05,0.54,0.0,0.0,0.0,17606.0
345,50.0,24.98,0.07,0.34,0.0,0.0,0.0,17657.0
346,50.0,24.99,0.09,0.12,0.0,0.0,0.0,17708.0
347,50.0,24.99,0.1,-0.08,0.0,0.0,0.0,17758.0
348,50.0,25.0,0.09,-0.26,0.0,0.0,0.0,17808.0
349,50.0,25.0,0.08,-0.4,0.0,0.0,0.0,17859.0
350,50.0,25.01,0.06,-0.48,0.0,0.0,0.0,17909.0
351,50.0,25.01,0.04,-0.5,0.0,0.0,0.0,17959.0
352,50.0,25.01,0.01,-0.47,0.0,0.0,0.0,18010.0
353,50.0,25.01,-0.01,-0.4,0.0,0.0,0.0,18061.0
354,50.0,25.01,-0.03,-0.3,0.0,0.0,0.0,18111.0
355,50.0,25.01,-0.05,-0.17,0.0,0.0,0.0,18161.0
356,50.0,25.01,-0.06,-0.04,0.0,0.0,0.0,18211.0
357,50.0,25.0,-0.06,0.08,0.0,0.0,0.0,18262.0
358,50.0,25.0,-0.05,0.18,0.0,0.0,0.0,18313.0
359,50.0,25.0,-0.05,0.25,0.0,0.0,0.0,18363.0
360,50.0,25.0,-0.03,0.29,0.0,0.0,0.0,18413.0
361,50.0,24.99,-0.02,0.3,0.0,0.0,0.0,18463.0
362,50.0,24.99,-0.0,0.28,0.0,0.0,0.0,18514.0
363,50.0,24.99,0.01,0.23,0.0,0.0,0.0,18565.0
364,50.0,24.99,0.02,0.16,0.0,0.0,0.0,18615.0
365,50.0,24.99,0.03,0.08,0.0,0.0,0.0,18665.0
366,50.0,25.0,0.03,0.01,0.0,0.0,0.0,18715.0
367,50.0,25.0,0.03,-0.06,0.0,0.0,0.0,18766.0
368,50.0,25.0,0.03,-0.12,0.0,0.0,0.0,18817.0
369,50.0,25.0,0.03,-0.16,0.0,0.0,0.0,18867.0
370,50.0,25.0,0.02,-0.18,0.0,0.0,0.0,18917.0
371,50.0,25.0,0.01,-0.18,0.0,0.0,0.0,18968.0
372,50.0,25.0,-0.0,-0.16,0.0,0.0,0.0,19018.0
373,50.0,25.0,-0.01,-0.13,0.0,0.0,0.0,19068.0
374,50.0,25.0,-0.01,-0.09,0.0,0.0,0.0,19119.0
375,50.0,25.0,-0.02,-0.04,0.0,0.0,0.0,19170.0
376,50.0,25.0,-0.02,0.01,0.0,0.0,0.0,19220.0
377,50.0,25.0,-0.02,0.05,0.0,0.0,0.0,19270.0
378,50.0,25.0,-0.02,0.08,0.0,0.0,0.0,19320.0
379,50.0,25.0,-0.01,0.1,0.0,0.0,0.0,19372.0
380,50.0,25.0,-0.01,0.11,0.0,0.0,0.0,19422.0
381,50.0,25.0,-0.0,0.1,0.0,0.0,0.0,19472.0
382,50.0,25.0,0.0,0.09,0.0,0.0,0.0,19522.0
383,50.0,25.0,0.01,0.07,0.0,0.0,0.0,19572.0
384,0.0,25.0,-24.99,-4499.7,0.0,0.0,0.0,19674.0
385,0.0,24.87,-47.49,-4024.74,0.0,0.0,0.0,19724.0
386,0.0,24.64,-67.61,-3574.77,0.0,0.0,0.0,19775.0
387,0.0,24.3,-85.49,-3149.68,0.0,0.0,0.0,19825.0
388,0.0,23.87,-101.24,-2749.23,0.0,0.0,0.0,19875.0
389,0.0,23.36,-114.98,-2373.07,0.0,0.0,0.0,19926.0
390,0.0,22.79,-126.85,-2020.78,0.0,0.0,0.0,19977.0
391,0.0,22.15,-136.95,-1691.85,0.0,0.0,0.0,20027.0
392,0.0,21.47,-145.41,-1385.71,0.0,0.0,0.0,20077.0
393,0.0,20.74,-152.34,-1101.73,0.0,0.0,0.0,20127.0
394,0.0,19.98,-157.85,-839.22,0.0,0.0,0.0,20177.0
395,0.0,19.19,-162.04,-597.45,0.0,0.0,0.0,20229.0
396,0.0,18.38,-165.03,-375.66,0.0,0.0,0.0,20279.0
397,0.0,17.56,-166.91,-173.06,0.0,0.0,0.0,20329.0
398,0.0,16.72,-167.78,11.16,0.0,0.0,0.0,20379.0
399,0.0,15.88,-167.72,177.82,0.0,0.0,0.0,20430.0
400,0.0,15.04,-166.83,327.75,0.0,0.0,0.0,20481.0
401,0.0,14.21,-165.19,461.81,0.0,0.0,0.0,20531.0
402,0.0,13.38,-162.88,580.82,0.0,0.0,0.0,20581.0
403,0.0,12.57,-159.98,685.62,0.0,0.0,0.0,20631.0
404,0.0,11.77,-156.55,777.04,0.0,0.0,0.0,20682.0
405,0.0,10.99,-152.67,855.88,0.0,0.0,0.0,20732.0
406,0.0,10.22,-148.39,922.96,0.0,0.0,0.0,20783.0
407,0.0,9.48,-143.77,979.05,0.0,0.0,0.0,20833.0
408,0.0,8.76,-138.88,1024.92,0.0,0.0,0.0,20884.0
409,0.0,8.07,-133.75,1061.3,0.0,0.0,0.0,20934.0
410,0.0,7.4,-128.44,1088.92,0.0,0.0,0.0,20984.0
411,0.0,6.76,-123.0,1108.47,0.0,0.0,0.0,21035.0
412,0.0,6.14,-117.46,1120.63,0.0,0.0,0.0,21086.0
413,0.0,5.56,-111.85,1126.02,0.0,0.0,0.0,21136.0
414,0.0,5.0,-106.22,1125.28,0.0,0.0,0.0,21186.0
415,0.0,4.46,-100.6,1118.97,0.0,0.0,0.0,21236.0
416,0.0,3.96,-95.0,1107.67,0.0,0.0,0.0,21286.0
417,0.0,3.49,-89.46,1091.91,0.0,0.0,0.0,21338.0
418,0.0,3.04,-84.01,1072.18,0.0,0.0,0.0,21388.0
419,0.0,2.62,-78.64,1048.97,0.0,0.0,0.0,21438.0
420,0.0,2.23,-73.4,1022.72,0.0,0.0,0.0,21488.0
421,0.0,1.86,-68.29,993.85,0.0,0.0,0.0,21538.0
422,0.0,1.52,-63.32,962.75,0.0,0.0,0.0,21590.0
423,0.0,1.2,-58.5,929.79,0.0,0.0,0.0,21640.0
424,0.0,0.91,-53.85,895.31,0.0,0.0,0.0,21690.0
425,0.0,0.64,-49.38,859.64,0.0,0.0,0.0,21740.0
426,0.0,0.39,-45.08,823.05,0.0,0.0,0.0,21791.0
427,0.0,0.17,-40.96,785.82,0.0,0.0,0.0,21841.0
428,0.0,-0.04,-37.04,748.21,0.0,0.0,0.0,21892.0
429,0.0,-0.22,-33.29,710.42,0.0,0.0,0.0,21942.0
430,0.0,-0.39,-29.74,672.67,0.0,0.0,0.0,21993.0
431,0.0,-0.54,-26.38,635.15,0.0,0.0,0.0,22043.0
432,0.0,-0.67,-23.2,598.01,0.0,0.0,0.0,22093.0
433,0.0,-0.79,-20.21,561.41,0.0,0.0,0.0,22144.0
434,0.0,-0.89,-17.41,525.48,0.0,0.0,0.0,22195.0
435,0.0,-0.97,-14.78,490.34,0.0,0.0,0.0,22245.0
436,0.0,-1.05,-12.33,456.09,0.0,0.0,0.0,22295.0
437,0.0,-1.11,-10.05,422.8,0.0,0.0,0.0,22345.0
438,0.0,-1.16,-7.93,390.57,0.0,0.0,0.0,22395.0
439,0.0,-1.2,-5.98,359.44,0.0,0.0,0.0,22447.0
440,0.0,-1.23,-4.18,329.48,0.0,0.0,0.0,22497.0
441,0.0,-1.25,-2.53,300.71,0.0,0.0,0.0,22547.0
442,0.0,-1.26,-1.03,273.18,0.0,0.0,0.0,22597.0
443,0.0,-1.27,0.33,246.89,0.0,0.0,0.0,22648.0
444,0.0,-1.27,1.57,221.87,0.0,0.0,0.0,22699.0
445,0.0,-1.26,2.68,198.11,0.0,0.0,0.0,22749.0
446,0.0,-1.25,3.67,175.62,0.0,0.0,0.0,22799.0
447,0.0,-1.23,4.55,154.39,0.0,0.0,0.0,22849.0
448,0.0,-1.2,5.32,134.4,0.0,0.0,0.0,22900.0
449,0.0,-1.18,5.99,115.64,0.0,0.0,0.0,22950.0
450,0.0,-1.15,6.57,98.09,0.0,0.0,0.0,23001.0
451,0.0,-1.11,7.06,81.71,0.0,0.0,0.0,23051.0
452,0.0,-1.08,7.47,66.48,0.0,0.0,0.0,23102.0
453,0.0,-1.04,7.8,52.36,0.0,0.0,0.0,23152.0
454,0.0,-1.0,8.06,39.33,0.0,0.0,0.0,23202.0
455,0.0,-0.96,8.26,27.33,0.0,0.0,0.0,23252.0
456,0.0,-0.92,8.4,16.34,0.0,0.0,0.0,23303.0
457,0.0,-0.88,8.48,6.31,0.0,0.0,0.0,23354.0
458,0.0,-0.84,8.51,-2.8,0.0,0.0,0.0,23404.0
459,0.0,-0.79,8.5,-11.03,0.0,0.0,0.0,23454.0
460,0.0,-0.75,8.44,-18.42,0.0,0.0,0.0,23504.0
461,0.0,-0.71,8.35,-25.02,0.0,0.0,0.0,23556.0
462,0.0,-0.67,8.22,-30.87,0.0,0.0,0.0,23606.0
463,0.0,-0.63,8.07,-36.0,0.0,0.0,0.0,23656.0
464,0.0,-0.59,7.89,-40.47,0.0,0.0,0.0,23706.0
465,0.0,-0.55,7.69,-44.31,0.0,0.0,0.0,23757.0
466,0.0,-0.51,7.46,-47.57,0.0,0.0,0.0,23808.0
467,0.0,-0.47,7.23,-50.27,0.0,0.0,0.0,23858.0
468,0.0,-0.44,6.98,-52.47,0.0,0.0,0.0,23908.0
469,0.0,-0.4,6.71,-54.2,0.0,0.0,0.0,23958.0
470,0.0,-0.37,6.44,-55.49,0.0,0.0,0.0,24009.0
471,0.0,-0.33,6.16,-56.39,0.0,0.0,0.0,24059.0
472,0.0,-0.3,5.88,-56.91,0.0,0.0,0.0,24110.0
473,0.0,-0.27,5.6,-57.1,0.0,0.0,0.0,24160.0
474,0.0,-0.25,5.31,-56.99,0.0,0.0,0.0,24211.0
475,0.0,-0.22,5.03,-56.6,0.0,0.0,0.0,24261.0
476,0.0,-0.19,4.74,-55.97,0.0,0.0,0.0,24311.0
477,0.0,-0.17,4.46,-55.12,0.0,0.0,0.0,24361.0
478,0.0,-0.15,4.19,-54.07,0.0,0.0,0.0,24413.0
479,0.0,-0.13,3.92,-52.85,0.0,0.0,0.0,24463.0
480,0.0,-0.11,3.65,-51.49,0.0,0.0,0.0,24513.0
481,0.0,-0.09,3.4,-49.99,0.0,0.0,0.0,24563.0
482,0.0,-0.07,3.15,-48.39,0.0,0.0,0.0,24614.0
483,0.0,-0.06,2.91,-46.7,0.0,0.0,0.0,24665.0
484,0.0,-0.04,2.67,-44.93,0.0,0.0,0.0,24715.0
485,0.0,-0.03,2.45,-43.11,0.0,0.0,0.0,24765.0
486,0.0,-0.02,2.23,-41.25,0.0,0.0,0.0,24815.0
487,0.0,-0.01,2.03,-39.35,0.0,0.0,0.0,24866.0
488,0.0,0.0,1.83,-37.44,0.0,0.0,0.0,24916.0
489,0.0,0.01,1.64,-35.53,0.0,0.0,0.0,24967.0
490,0.0,0.02,1.46,-33.62,0.0,0.0,0.0,25017.0
491,0.0,0.03,1.3,-31.72,0.0,0.0,0.0,25068.0
492,0.0,0.04,1.14,-29.84,0.0,0.0,0.0,25118.0
493,0.0,0.04,0.99,-27.99,0.0,0.0,0.0,25168.0
494,0.0,0.05,0.85,-26.18,0.0,0.0,0.0,25219.0
495,0.0,0.05,0.72,-24.41,0.0,0.0,0.0,25270.0
496,0.0,0.05,0.59,-22.69,0.0,0.0,0.0,25320.0
497,0.0,0.06,0.48,-21.01,0.0,0.0,0.0,25370.0
498,0.0,0.06,0.38,-19.39,0.0,0.0,0.0,25420.0
499,0.0,0.06,0.28,-17.83,0.0,0.0,0.0,25470.0
500,0.0,0.06,0.19,-16.33,0.0,0.0,0.0,25522.0
501,0.0,0.06,0.11,-14.88,0.0,0.0,0.0,25572.0
502,0.0,0.06,0.03,-13.5,0.0,0.0,0.0,25622.0
503,0.0,0.06,-0.03,-12.19,0.0,0.0,0.0,25672.0
504,0.0,0.06,-0.09,-10.94,0.0,0.0,0.0,25723.0
505,0.0,0.06,-0.15,-9.75,0.0,0.0,0.0,25774.0
506,0.0,0.06,-0.2,-8.62,0.0,0.0,0.0,25824.0
507,0.0,0.06,-0.24,-7.56,0.0,0.0,0.0,25874.0
508,0.0,0.06,-0.28,-6.57,0.0,0.0,0.0,25924.0
509,0.0,0.06,-0.31,-5.63,0.0,0.0,0.0,25975.0
510,0.0,0.06,-0.34,-4.76,0.0,0.0,0.0,26025.0
511,0.0,0.06,-0.36,-3.94,0.0,0.0,0.0,26076.0
512,0.0,0.05,-0.38,-3.18,0.0,0.0,0.0,26126.0
513,0.0,0.05,-0.4,-2.48,0.0,0.0,0.0,26177.0
514,0.0,0.05,-0.41,-1.83,0.0,0.0,0.0,26227.0
515,0.0,0.05,-0.42,-1.24,0.0,0.0,0.0,26277.0
516,0.0,0.05,-0.43,-0.69,0.0,0.0,0.0,26328.0
517,0.0,0.04,-0.43,-0.2,0.0,0.0,0.0,26379.0
518,0.0,0.04,-0.43,0.25,0.0,0.0,0.0,26429.0
519,0.0,0.04,-0.43,0.66,0.0,0.0,0.0,26479.0
520,0.0,0.04,-0.43,1.02,0.0,0.0,0.0,26529.0
521,0.0,0.04,-0.42,1.35,0.0,0.0,0.0,26579.0
522,0.0,0.03,-0.42,1.63,0.0,0.0,0.0,26631.0
523,0.0,0.03,-0.41,1.89,0.0,0.0,0.0,26681.0
524,0.0,0.03,-0.4,2.1,0.0,0.0,0.0,26731.0
525,0.0,0.03,-0.39,2.29,0.0,0.0,0.0,26781.0
526,0.0,0.03,-0.38,2.45,0.0,0.0,0.0,26832.0
527,0.0,0.02,-0.36,2.58,0.0,0.0,0.0,26883.0
528,0.0,0.02,-0.35,2.68,0.0,0.0,0.0,26933.0
529,0.0,0.02,-0.34,2.77,0.0,0.0,0.0,26983.0
530,0.0,0.02,-0.32,2.83,0.0,0.0,0.0,27034.0
531,0.0,0.02,-0.31,2.87,0.0,0.0,0.0,27084.0
532,0.0,0.02,-0.29,2.89,0.0,0.0,0.0,27134.0
533,0.0,0.01,-0.28,2.89,0.0,0.0,0.0,27185.0
534,0.0,0.01,-0.27,2.89,0.0,0.0,0.0,27235.0
535,0.0,0.01,-0.25,2.86,0.0,0.0,0.0,27286.0
536,0.0,0.01,-0.24,2.83,0.0,0.0,0.0,27336.0
537,0.0,0.01,-0.22,2.78,0.0,0.0,0.0,27386.0
538,0.0,0.01,-0.21,2.73,0.0,0.0,0.0,27437.0
539,0.0,0.01,-0.2,2.66,0.0,0.0,0.0,27488.0
540,0.0,0.01,-0.18,2.59,0.0,0.0,0.0,27538.0
541,0.0,0.0,-0.17,2.51,0.0,0.0,0.0,27588.0
542,0.0,0.0,-0.16,2.43,0.0,0.0,0.0,27638.0
543,0.0,0.0,-0.14,2.34,0.0,0.0,0.0,27689.0
544,0.0,0.0,-0.13,2.25,0.0,0.0,0.0,27740.0
545,0.0,0.0,-0.12,2.16,0.0,0.0,0.0,27790.0
546,0.0,0.0,-0.11,2.07,0.0,0.0,0.0,27840.0
547,0.0,0.0,-0.1,1.97,0.0,0.0,0.0,27890.0
548,0.0,-0.0,-0.09,1.87,0.0,0.0,0.0,27941.0
549,0.0,-0.0,-0.08,1.78,0.0,0.0,0.0,27992.0
550,0.0,-0.0,-0.07,1.68,0.0,0.0,0.0,28042.0
551,0.0,-0.0,-0.06,1.58,0.0,0.0,0.0,28092.0
552,0.0,-0.0,-0.06,1.49,0.0,0.0,0.0,28143.0
553,0.0,-0.0,-0.05,1.4,0.0,0.0,0.0,28193.0
554,0.0,-0.0,-0.04,1.3,0.0,0.0,0.0,28243.0
555,0.0,-0.0,-0.03,1.22,0.0,0.0,0.0,28294.0
556,0.0,-0.0,-0.03,1.13,0.0,0.0,0.0,28345.0
557,0.0,-0.0,-0.02,1.04,0.0,0.0,0.0,28395.0
558,0.0,-0.0,-0.02,0.96,0.0,0.0,0.0,28445.0
559,0.0,-0.0,-0.01,0.88,0.0,0.0,0.0,28495.0
560,0.0,-0.0,-0.01,0.81,0.0,0.0,0.0,28546.0
561,0.0,-0.0,-0.0,0.74,0.0,0.0,0.0,28597.0
562,0.0,-0.0,-0.0,0.67,0.0,0.0,0.0,28647.0
563,0.0,-0.0,0.0,0.6,0.0,0.0,0.0,28697.0
564,0.0,-0.0,0.01,0.54,0.0,0.0,0.0,28747.0
565,0.0,-0.0,0.01,0.48,0.0,0.0,0.0,28798.0
566,0.0,-0.0,0.01,0.42,0.0,0.0,0.0,28849.0
567,0.0,-0.0,0.01,0.37,0.0,0.0,0.0,28899.0
568,0.0,-0.0,0.01,0.32,0.0,0.0,0.0,28949.0
569,0.0,-0.0,0.02,0.27,0.0,0.0,0.0,28999.0
570,0.0,-0.0,0.02,0.23,0.0,0.0,0.0,29050.0
571,0.0,-0.0,0.02,0.19,0.0,0.0,0.0,29101.0
572,0.0,-0.0,0.02,0.15,0.0,0.0,0.0,29151.0
573,0.0,-0.0,0.02,0.12,0.0,0.0,0.0,29201.0
574,0.0,-0.0,0.02,0.09,0.0,0.0,0.0,29252.0
575,0.0,-0.0,0.02,0.06,0.0,0.0,0.0,29302.0
576,0.0,-0.0,0.02,0.03,0.0,0.0,0.0,29352.0
577,0.0,-0.0,0.02,0.0,0.0,0.0,0.0,29403.0
578,0.0,-0.0,0.02,-0.02,0.0,0.0,0.0,29454.0
579,0.0,-0.0,0.02,-0.04,0.0,0.0,0.0,29504.0
580,0.0,-0.0,0.02,-0.06,0.0,0.0,0.0,29554.0
581,0.0,-0.0,0.02,-0.07,0.0,0.0,0.0,29604.0
582,0.0,-0.0,0.02,-0.09,0.0,0.0,0.0,29656.0
583,0.0,-0.0,0.02,-0.1,0.0,0.0,0.0,29706.0
584,0.0,-0.0,0.02,-0.11,0.0,0.0,0.0,29756.0
585,0.0,-0.0,0.02,-0.12,0.0,0.0,0.0,29806.0
586,0.0,-0.0,0.02,-0.13,0.0,0.0,0.0,29856.0
587,0.0,-0.0,0.02,-0.13,0.0,0.0,0.0,29907.0
588,0.0,-0.0,0.02,-0.14,0.0,0.0,0.0,29958.0
589,0.0,-0.0,0.02,-0.14,0.0,0.0,0.0,30008.0
590,0.0,-0.0,0.02,-0.14,0.0,0.0,0.0,30058.0
591,0.0,-0.0,0.02,-0.15,0.0,0.0,0.0,30109.0
592,0.0,-0.0,0.01,-0.15,0.0,0.0,0.0,30159.0
593,0.0,-0.0,0.01,-0.15,0.0,0.0,0.0,30210.0
594,0.0,-0.0,0.01,-0.15,0.0,0.0,0.0,30260.0
595,0.0,-0.0,0.01,-0.14,0.0,0.0,0.0,30311.0
596,0.0,-0.0,0.01,-0.14,0.0,0.0,0.0,30361.0
597,0.0,-0.0,0.01,-0.14,0.0,0.0,0.0,30411.0
598,0.0,-0.0,0.01,-0.14,0.0,0.0,0.0,30461.0
599,0.0,-0.0,0.01,-0.13,0.0,0.0,0.0,30512.0
600,0.0,-0.0,0.01,-0.13,0.0,0.0,0.0,30563.0
601,0.0,-0.0,0.01,-0.13,0.0,0.0,0.0,30613.0
602,0.0,-0.0,0.01,-0.12,0.0,0.0,0.0,30663.0
603,0.0,-0.0,0.01,-0.12,0.0,0.0,0.0,30713.0
604,0.0,-0.0,0.01,-0.11,0.0,0.0,0.0,30765.0
605,0.0,-0.0,0.01,-0.11,0.0,0.0,0.0,30815.0
606,0.0,-0.0,0.01,-0.1,0.0,0.0,0.0,30865.0
607,0.0,-0.0,0.0,-0.1,0.0,0.0,0.0,30915.0
608,0.0,0.0,0.0,-0.09,0.0,0.0,0.0,30965.0
609,0.0,0.0,0.0,-0.09,0.0,0.0,0.0,31016.0
610,0.0,0.0,0.0,-0.08,0.0,0.0,0.0,31067.0
611,0.0,0.0,0.0,-0.08,0.0,0.0,0.0,31117.0
612,0.0,0.0,0.0,-0.07,0.0,0.0,0.0,31167.0
613,0.0,0.0,0.0,-0.07,0.0,0.0,0.0,31218.0
614,0.0,0.0,0.0,-0.06,0.0,0.0,0.0,31268.0
615,0.0,0.0,0.0,-0.06,0.0,0.0,0.0,31319.0
616,0.0,0.0,0.0,-0.06,0.0,0.0,0.0,31369.0
617,0.0,0.0,0.0,-0.05,0.0,0.0,0.0,31420.0
618,0.0,0.0,0.0,-0.05,0.0,0.0,0.0,31470.0
619,0.0,0.0,0.0,-0.04,0.0,0.0,0.0,31520.0
620,0.0,0.0,0.0,-0.04,0.0,0.0,0.0,31570.0
621,0.0,0.0,0.0,-0.04,0.0,0.0,0.0,31621.0
622,0.0,0.0,-0.0,-0.03,0.0,0.0,0.0,31672.0
623,0.0,0.0,-0.0,-0.03,0.0,0.0,0.0,31722.0
624,0.0,0.0,-0.0,-0.03,0.0,0.0,0.0,31772.0
625,0.0,0.0,-0.0,-0.02,0.0,0.0,0.0,31822.0
626,0.0,0.0,-0.0,-0.02,0.0,0.0,0.0,31874.0
627,0.0,0.0,-0.0,-0.02,0.0,0.0,0.0,31924.0
628,0.0,0.0,-0.0,-0.02,0.0,0.0,0.0,31974.0
629,0.0,0.0,-0.0,-0.01,0.0,0.0,0.0,32024.0
630,0.0,0.0,-0.0,-0.01,0.0,0.0,0.0,32075.0
631,0.0,0.0,-0.0,-0.01,0.0,0.0,0.0,32125.0
632,0.0,0.0,-0.0,-0.01,0.0,0.0,0.0,32176.0
633,0.0,0.0,-0.0,-0.01,0.0,0.0,0.0,32226.0
634,0.0,0.0,-0.0,-0.0,0.0,0.0,0.0,32276.0
635,0.0,0.0,-0.0,-0.0,0.0,0.0,0.0,32327.0
636,0.0,0.0,-0.0,-0.0,0.0,0.0,0.0,32377.0
637,0.0,0.0,-0.0,0.0,0.0,0.0,0.0,32428.0
638,0.0,0.0,-0.0,0.0,0.0,0.0,0.0,32478.0
639,0.0,0.0,-0.0,0.0,0.0,0.0,0.0,32529.0
640,0.0,0.0,-0.0,0.0,0.0,0.0,0.0,32579.0
641,0.0,0.0,-0.0,0.0,0.0,0.0,0.0,32629.0
642,0.0,0.0,-0.0,0.0,0.0,0.0,0.0,32679.0
643,0.0,0.0,-0.0,0.01,0.0,0.0,0.0,32731.0
644,0.0,0.0,-0.0,0.01,0.0,0.0,0.0,32781.0
645,0.0,0.0,-0.0,0.01,0.0,0.0,0.0,32831.0
646,0.0,0.0,-0.0,0.01,0.0,0.0,0.0,32881.0
647,0.0,0.0,-0.0,0.01,0.0,0.0,0.0,32931.0
648,0.0,0.0,-0.0,0.01,0.0,0.0,0.0,32983.0
649,0.0,0.0,-0.0,0.01,0.0,0.0,0.0,33033.0
650,0.0,0.0,-0.0,0.01,0.0,0.0,0.0,33083.0
651,50.0,0.0,-0.0,1000.0,0.0,0.0,0.0,33134.0
652,50.0,-0.0,50.0,800.0,0.0,0.0,0.0,33184.0
653,50.0,2.5,90.0,540.0,0.0,0.0,0.0,33234.0
654,50.0,7.0,117.0,252.0,0.0,0.0,0.0,33285.0
655,50.0,12.85,129.6,-32.4,0.0,0.0,0.0,33336.0
656,50.0,19.33,127.98,-285.12,0.0,0.0,0.0,33386.0
657,50.0,25.73,113.72,-484.05,0.0,0.0,0.0,33436.0
658,50.0,31.42,89.52,-614.69,0.0,0.0,0.0,33486.0
659,50.0,35.89,58.79,-670.8,0.0,0.0,0.0,33538.0
660,50.0,38.83,25.25,-654.21,0.0,0.0,0.0,33588.0
661,50.0,40.09,-7.46,-573.86,0.0,0.0,0.0,33638.0
662,50.0,39.72,-36.16,-444.16,0.0,0.0,0.0,33688.0
663,50.0,37.91,-58.36,-283.02,0.0,0.0,0.0,33738.0
664,50.0,34.99,-72.52,-109.68,0.0,0.0,0.0,33789.0
665,50.0,31.37,-78.0,57.28,0.0,0.0,0.0,33840.0
666,50.0,27.47,-75.14,201.83,0.0,0.0,0.0,33890.0
667,50.0,23.71,-65.04,311.73,0.0,0.0,0.0,33940.0
668,50.0,20.46,-49.46,379.48,0.0,0.0,0.0,33991.0
669,50.0,17.99,-30.48,402.5,0.0,0.0,0.0,34041.0
670,50.0,16.46,-10.36,382.96,0.0,0.0,0.0,34092.0
671,50.0,15.94,8.79,327.09,0.0,0.0,0.0,34142.0
672,50.0,16.38,25.14,244.09,0.0,0.0,0.0,34193.0
673,50.0,17.64,37.35,144.99,0.0,0.0,0.0,34243.0
674,50.0,19.51,44.6,41.29,0.0,0.0,0.0,34293.0
675,50.0,21.74,46.66,-56.16,0.0,0.0,0.0,34343.0
676,50.0,24.07,43.85,-138.25,0.0,0.0,0.0,34394.0
677,50.0,26.26,36.94,-198.31,0.0,0.0,0.0,34445.0
678,50.0,28.11,27.03,-232.53,0.0,0.0,0.0,34495.0
679,50.0,29.46,15.4,-240.08,0.0,0.0,0.0,34545.0
680,50.0,30.23,3.4,-222.86,0.0,0.0,0.0,34595.0
681,50.0,30.4,-7.75,-185.08,0.0,0.0,0.0,34647.0
682,50.0,30.01,-17.0,-132.57,0.0,0.0,0.0,34697.0
683,50.0,29.16,-23.63,-72.05,0.0,0.0,0.0,34747.0
684,50.0,27.98,-27.23,-10.38,0.0,0.0,0.0,34797.0
685,50.0,26.62,-27.75,46.16,0.0,0.0,0.0,34848.0
686,50.0,25.23,-25.44,92.43,0.0,0.0,0.0,34898.0
687,50.0,23.96,-20.82,124.83,0.0,0.0,0.0,34949.0
688,50.0,22.92,-14.58,141.51,0.0,0.0,0.0,34999.0
689,50.0,22.19,-7.51,142.37,0.0,0.0,0.0,35049.0
690,50.0,21.82,-0.39,128.91,0.0,0.0,0.0,35100.0
691,50.0,21.8,6.06,103.9,0.0,0.0,0.0,35150.0
692,50.0,22.1,11.25,71.0,0.0,0.0,0.0,35201.0
693,50.0,22.66,14.8,34.29,0.0,0.0,0.0,35251.0
694,50.0,23.4,16.52,-2.17,0.0,0.0,0.0,35302.0
695,50.0,24.23,16.41,-34.77,0.0,0.0,0.0,35352.0
696,50.0,25.05,14.67,-60.64,0.0,0.0,0.0,35402.0
697,50.0,25.78,11.64,-77.85,0.0,0.0,0.0,35452.0
698,50.0,26.36,7.75,-85.56,0.0,0.0,0.0,35503.0
699,50.0,26.75,3.47,-83.94,0.0,0.0,0.0,35554.0
700,50.0,26.93,-0.73,-74.09,0.0,0.0,0.0,35604.0
701,50.0,26.89,-4.43,-57.81,0.0,0.0,0.0,35654.0
702,50.0,26.67,-7.32,-37.38,0.0,0.0,0.0,35704.0
703,50.0,26.3,-9.19,-15.26,0.0,0.0,0.0,35756.0
704,50.0,25.84,-9.96,6.18,0.0,0.0,0.0,35806.0
705,50.0,25.34,-9.65,24.85,0.0,0.0,0.0,35856.0
706,50.0,24.86,-8.4,39.18,0.0,0.0,0.0,35906.0
707,50.0,24.44,-6.45,48.15,0.0,0.0,0.0,35957.0
708,50.0,24.12,-4.04,51.41,0.0,0.0,0.0,36007.0
709,50.0,23.92,-1.47,49.21,0.0,0.0,0.0,36058.0
710,50.0,23.84,0.99,42.3,0.0,0.0,0.0,36108.0
711,50.0,23.89,3.11,31.85,0.0,0.0,0.0,36158.0
712,50.0,24.05,4.7,19.27,0.0,0.0,0.0,36209.0
713,50.0,24.28,5.66,6.01,0.0,0.0,0.0,36259.0
714,50.0,24.57,5.96,-6.52,0.0,0.0,0.0,36310.0
715,50.0,24.86,5.64,-17.14,0.0,0.0,0.0,36360.0
716,50.0,25.15,4.78,-24.99,0.0,0.0,0.0,36411.0
717,50.0,25.39,3.53,-29.56,0.0,0.0,0.0,36461.0
718,50.0,25.56,2.05,-30.71,0.0,0.0,0.0,36511.0
719,50.0,25.67,0.52,-28.68,0.0,0.0,0.0,36561.0
720,50.0,25.69,-0.92,-23.98,0.0,0.0,0.0,36613.0
721,50.0,25.65,-2.11,-17.35,0.0,0.0,0.0,36663.0
722,50.0,25.54,-2.98,-9.65,0.0,0.0,0.0,36713.0
723,50.0,25.39,-3.46,-1.76,0.0,0.0,0.0,36763.0
724,50.0,25.22,-3.55,5.52,0.0,0.0,0.0,36813.0
725,50.0,25.04,-3.28,11.52,0.0,0.0,0.0,36865.0
726,50.0,24.88,-2.7,15.77,0.0,0.0,0.0,36915.0
727,50.0,24.74,-1.91,18.02,0.0,0.0,0.0,36965.0
728,50.0,24.65,-1.01,18.24,0.0,0.0,0.0,37015.0
729,50.0,24.59,-0.1,16.61,0.0,0.0,0.0,37066.0
730,50.0,24.59,0.73,13.49,0.0,0.0,0.0,37116.0
731,50.0,24.63,1.41,9.33,0.0,0.0,0.0,37167.0
732,50.0,24.7,1.87,4.65,0.0,0.0,0.0,37217.0
733,50.0,24.79,2.1,-0.02,0.0,0.0,0.0,37267.0
734,50.0,24.9,2.1,-4.23,0.0,0.0,0.0,37318.0
735,50.0,25.0,1.89,-7.59,0.0,0.0,0.0,37368.0
736,50.0,25.1,1.51,-9.86,0.0,0.0,0.0,37419.0
737,50.0,25.17,1.02,-10.91,0.0,0.0,0.0,37469.0
738,50.0,25.22,0.47,-10.77,0.0,0.0,0.0,37520.0
739,50.0,25.25,-0.06,-9.56,0.0,0.0,0.0,37570.0
740,50.0,25.24,-0.54,-7.52,0.0,0.0,0.0,37620.0
741,50.0,25.22,-0.92,-4.93,0.0,0.0,0.0,37670.0
742,50.0,25.17,-1.16,-2.11,0.0,0.0,0.0,37722.0
743,50.0,25.11,-1.27,0.64,0.0,0.0,0.0,37772.0
744,50.0,25.05,-1.24,3.05,0.0,0.0,0.0,37822.0
745,50.0,24.99,-1.09,4.92,0.0,0.0,0.0,37872.0
746,50.0,24.93,-0.84,6.11,0.0,0.0,0.0,37922.0
747,50.0,24.89,-0.53,6.56,0.0,0.0,0.0,37974.0
748,50.0,24.86,-0.21,6.32,0.0,0.0,0.0,38024.0
749,50.0,24.85,0.11,5.47,0.0,0.0,0.0,38074.0
750,50.0,24.86,0.38,4.15,0.0,0.0,0.0,38124.0
751,50.0,24.88,0.59,2.56,0.0,0.0,0.0,38175.0
752,50.0,24.91,0.72,0.86,0.0,0.0,0.0,38225.0
753,50.0,24.94,0.76,-0.75,0.0,0.0,0.0,38276.0
754,50.0,24.98,0.72,-2.12,0.0,0.0,0.0,38326.0
755,50.0,25.02,0.62,-3.15,0.0,0.0,0.0,38377.0
756,50.0,25.05,0.46,-3.76,0.0,0.0,0.0,38427.0
757,50.0,25.07,0.27,-3.93,0.0,0.0,0.0,38477.0
758,50.0,25.08,0.08,-3.69,0.0,0.0,0.0,38528.0
759,50.0,25.09,-0.11,-3.1,0.0,0.0,0.0,38578.0
760,50.0,25.08,-0.26,-2.27,0.0,0.0,0.0,38629.0
761,50.0,25.07,-0.38,-1.29,0.0,0.0,0.0,38679.0
762,50.0,25.05,-0.44,-0.28,0.0,0.0,0.0,38729.0
763,50.0,25.03,-0.45,0.66,0.0,0.0,0.0,38779.0
764,50.0,25.01,-0.42,1.43,0.0,0.0,0.0,38831.0
765,50.0,24.99,-0.35,1.99,0.0,0.0,0.0,38881.0
766,50.0,24.97,-0.25,2.29,0.0,0.0,0.0,38931.0
767,50.0,24.96,-0.14,2.33,0.0,0.0,0.0,38981.0
768,50.0,24.95,-0.02,2.14,0.0,0.0,0.0,39032.0
769,50.0,24.95,0.09,1.75,0.0,0.0,0.0,39083.0
770,50.0,24.95,0.18,1.22,0.0,0.0,0.0,39133.0
771,50.0,24.96,0.24,0.63,0.0,0.0,0.0,39183.0
772,50.0,24.97,0.27,0.03,0.0,0.0,0.0,39233.0
773,50.0,24.99,0.27,-0.51,0.0,0.0,0.0,39284.0
774,50.0,25.0,0.24,-0.95,0.0,0.0,0.0,39334.0
775,50.0,25.01,0.2,-1.25,0.0,0.0,0.0,39385.0
776,50.0,25.02,0.13,-1.39,0.0,0.0,0.0,39435.0
777,50.0,25.03,0.06,-1.38,0.0,0.0,0.0,39486.0
778,50.0,25.03,-0.0,-1.23,0.0,0.0,0.0,39536.0
779,50.0,25.03,-0.07,-0.98,0.0,0.0,0.0,39586.0
780,50.0,25.03,-0.12,-0.65,0.0,0.0,0.0,39636.0
781,50.0,25.02,-0.15,-0.29,0.0,0.0,0.0,39688.0
782,50.0,25.01,-0.16,0.06,0.0,0.0,0.0,39738.0
783,50.0,25.01,-0.16,0.37,0.0,0.0,0.0,39788.0
784,50.0,25.0,-0.14,0.62,0.0,0.0,0.0,39838.0
785,50.0,24.99,-0.11,0.77,0.0,0.0,0.0,39888.0
786,50.0,24.99,-0.07,0.84,0.0,0.0,0.0,39940.0
787,50.0,24.98,-0.03,0.81,0.0,0.0,0.0,39990.0
788,50.0,24.98,0.01,0.71,0.0,0.0,0.0,40040.0
789,50.0,24.98,0.05,0.54,0.0,0.0,0.0,40090.0
790,50.0,24.98,0.07,0.34,0.0,0.0,0.0,40141.0
791,50.0,24.99,0.09,0.12,0.0,0.0,0.0,40192.0
792,50.0,24.99,0.1,-0.08,0.0,0.0,0.0,40242.0
793,50.0,25.0,0.09,-0.26,0.0,0.0,0.0,40292.0
794,50.0,25.0,0.08,-0.4,0.0,0.0,0.0,40343.0
795,50.0,25.01,0.06,-0.48,0.0,0.0,0.0,40393.0
796,50.0,25.01,0.04,-0.5,0.0,0.0,0.0,40443.0
797,50.0,25.01,0.01,-0.47,0.0,0.0,0.0,40494.0
798,50.0,25.01,-0.01,-0.4,0.0,0.0,0.0,40544.0
799,50.0,25.01,-0.03,-0.3,0.0,0.0,0.0,40595.0
800,50.0,25.01,-0.05,-0.17,0.0,0.0,0.0,40645.0
801,50.0,25.01,-0.06,-0.04,0.0,0.0,0.0,40695.0
802,50.0,25.0,-0.06,0.08,0.0,0.0,0.0,40745.0
803,50.0,25.0,-0.05,0.18,0.0,0.0,0.0,40797.0
804,50.0,25.0,-0.05,0.25,0.0,0.0,0.0,40847.0
805,50.0,25.0,-0.03,0.29,0.0,0.0,0.0,40897.0
806,50.0,24.99,-0.02,0.3,0.0,0.0,0.0,40947.0
807,50.0,24.99,-0.0,0.28,0.0,0.0,0.0,40998.0
808,50.0,24.99,0.01,0.23,0.0,0.0,0.0,41049.0
809,50.0,24.99,0.02,0.16,0.0,0.0,0.0,41099.0
810,50.0,24.99,0.03,0.08,0.0,0.0,0.0,41149.0
811,50.0,25.0,0.03,0.01,0.0,0.0,0.0,41199.0
812,50.0,25.0,0.03,-0.06,0.0,0.0,0.0,41250.0
813,50.0,25.0,0.03,-0.12,0.0,0.0,0.0,41300.0
814,50.0,25.0,0.03,-0.16,0.0,0.0,0.0,41351.0
815,50.0,25.0,0.02,-0.18,0.0,0.0,0.0,41401.0
816,50.0,25.0,0.01,-0.18,0.0,0.0,0.0,41452.0
817,50.0,25.0,-0.0,-0.16,0.0,0.0,0.0,41502.0
818,50.0,25.0,-0.01,-0.13,0.0,0.0,0.0,41552.0
819,50.0,25.0,-0.01,-0.09,0.0,0.0,0.0,41603.0
820,50.0,25.0,-0.02,-0.04,0.0,0.0,0.0,41654.0
821,50.0,25.0,-0.02,0.01,0.0,0.0,0.0,41704.0
822,50.0,25.0,-0.02,0.05,0.0,0.0,0.0,41754.0
823,50.0,25.0,-0.02,0.08,0.0,0.0,0.0,41804.0
824,50.0,25.0,-0.01,0.1,0.0,0.0,0.0,41854.0
825,50.0,25.0,-0.01,0.11,0.0,0.0,0.0,41906.0
826,50.0,25.0,-0.0,0.1,0.0,0.0,0.0,41956.0
827,50.0,25.0,0.0,0.09,0.0,0.0,0.0,42006.0
828,50.0,25.0,0.01,0.07,0.0,0.0,0.0,42056.0
829,50.0,25.0,0.01,0.04,0.0,0.0,0.0,42107.0
830,50.0,25.0,0.01,0.02,0.0,0.0,0.0,42158.0
831,50.0,25.0,0.01,-0.01,0.0,0.0,0.0,42208.0
832,50.0,25.0,0.01,-0.03,0.0,0.0,0.0,42258.0
833,50.0,25.0,0.01,-0.05,0.0,0.0,0.0,42309.0
834,50.0,25.0,0.01,-0.06,0.0,0.0,0.0,42359.0
835,50.0,25.0,0.0,-0.06,0.0,0.0,0.0,42409.0
836,50.0,25.0,0.0,-0.06,0.0,0.0,0.0,42460.0
837,50.0,25.0,-0.0,-0.05,0.0,0.0,0.0,42510.0
838,50.0,25.0,-0.0,-0.04,0.0,0.0,0.0,42561.0
839,50.0,25.0,-0.01,-0.02,0.0,0.0,0.0,42611.0
840,50.0,25.0,-0.01,-0.01,0.0,0.0,0.0,42661.0
841,50.0,25.0,-0.01,0.01,0.0,0.0,0.0,42712.0
842,50.0,25.0,-0.01,0.02,0.0,0.0,0.0,42763.0
843,50.0,25.0,-0.01,0.03,0.0,0.0,0.0,42813.0
844,50.0,25.0,-0.0,0.04,0.0,0.0,0.0,42863.0
845,50.0,25.0,-0.0,0.04,0.0,0.0,0.0,42913.0
846,50.0,25.0,-0.0,0.04,0.0,0.0,0.0,42963.0
847,50.0,25.0,0.0,0.03,0.0,0.0,0.0,43015.0
848,50.0,25.0,0.0,0.02,0.0,0.0,0.0,43065.0
849,50.0,25.0,0.0,0.01,0.0,0.0,0.0,43115.0
850,50.0,25.0,0.0,0.0,0.0,0.0,0.0,43165.0
851,50.0,25.0,0.0,-0.01,0.0,0.0,0.0,43216.0
852,50.0,25.0,0.0,-0.01,0.0,0.0,0.0,43267.0
853,50.0,25.0,0.0,-0.02,0.0,0.0,0.0,43317.0
854,50.0,25.0,0.0,-0.02,0.0,0.0,0.0,43367.0
855,50.0,25.0,0.0,-0.02,0.0,0.0,0.0,43418.0
856,50.0,25.0,0.0,-0.02,0.0,0.0,0.0,43468.0
857,50.0,25.0,-0.0,-0.02,0.0,0.0,0.0,43518.0
858,50.0,25.0,-0.0,-0.01,0.0,0.0,0.0,43569.0
859,50.0,25.0,-0.0,-0.01,0.0,0.0,0.0,43620.0
860,50.0,25.0,-0.0,0.0,0.0,0.0,0.0,43670.0
861,50.0,25.0,-0.0,0.01,0.0,0.0,0.0,43720.0
862,50.0,25.0,-0.0,0.01,0.0,0.0,0.0,43770.0
863,50.0,25.0,-0.0,0.01,0.0,0.0,0.0,43821.0
864,50.0,25.0,-0.0,0.01,0.0,0.0,0.0,43872.0
865,50.0,25.0,-0.0,0.01,0.0,0.0,0.0,43922.0
866,50.0,25.0,0.0,0.01,0.0,0.0,0.0,43972.0
867,50.0,25.0,0.0,0.01,0.0,0.0,0.0,44022.0
868,50.0,25.0,0.0,0.01,0.0,0.0,0.0,44073.0
869,50.0,25.0,0.0,0.0,0.0,0.0,0.0,44124.0
870,50.0,25.0,0.0,-0.0,0.0,0.0,0.0,44174.0
871,50.0,25.0,0.0,-0.0,0.0,0.0,0.0,44224.0
872,50.0,25.0,0.0,-0.01,0.0,0.0,0.0,44275.0
873,50.0,25.0,0.0,-0.01,0.0,0.0,0.0,44325.0
874,50.0,25.0,0.0,-0.01,0.0,0.0,0.0,44376.0
875,50.0,25.0,0.0,-0.01,0.0,0.0,0.0,44426.0
876,50.0,25.0,-0.0,-0.01,0.0,0.0,0.0,44476.0
877,50.0,25.0,-0.0,-0.01,0.0,0.0,0.0,44527.0
878,50.0,25.0,-0.0,-0.0,0.0,0.0,0.0,44577.0
879,50.0,25.0,-0.0,-0.0,0.0,0.0,0.0,44627.0
880,50.0,25.0,-0.0,0.0,0.0,0.0,0.0,44678.0
881,50.0,25.0,-0.0,0.0,0.0,0.0,0.0,44729.0
882,50.0,25.0,-0.0,0.0,0.0,0.0,0.0,44779.0
883,50.0,25.0,-0.0,0.0,0.0,0.0,0.0,44829.0
884,50.0,25.0,-0.0,0.0,0.0,0.0,0.0,44879.0
885,50.0,25.0,-0.0,0.0,0.0,0.0,0.0,44931.0
886,50.0,25.0,0.0,0.0,0.0,0.0,0.0,44981.0
887,50.0,25.0,0.0,0.0,0.0,0.0,0.0,45031.0
888,50.0,25.0,0.0,0.0,0.0,0.0,0.0,45081.0
889,50.0,25.0,0.0,0.0,0.0,0.0,0.0,45131.0
890,50.0,25.0,0.0,-0.0,0.0,0.0,0.0,45182.0
891,50.0,25.0,0.0,-0.0,0.0,0.0,0.0,45233.0
892,50.0,25.0,0.0,-0.0,0.0,0.0,0.0,45283.0
893,50.0,25.0,0.0,-0.0,0.0,0.0,0.0,45333.0
894,50.0,25.0,0.0,-0.0,0.0,0.0,0.0,45384.0
895,50.0,25.0,0.0,-0.0,0.0,0.0,0.0,45434.0
896,50.0,25.0,-0.0,-0.0,0.0,0.0,0.0,45485.0
897,50.0,25.0,-0.0,-0.0,0.0,0.0,0.0,45535.0
898,50.0,25.0,-0.0,-0.0,0.0,0.0,0.0,45586.0
899,50.0,25.0,-0.0,0.0,0.0,0.0,0.0,45636.0
900,50.0,25.0,-0.0,0.0,0.0,0.0,0.0,45686.0
901,50.0,25.0,-0.0,0.0,0.0,0.0,0.0,45736.0
902,50.0,25.0,-0.0,0.0,0.0,0.0,0.0,45787.0
903,50.0,25.0,-0.0,0.0,0.0,0.0,0.0,45838.0
904,50.0,25.0,-0.0,0.0,0.0,0.0,0.0,45888.0
905,50.0,25.0,0.0,0.0,0.0,0.0,0.0,45938.0
906,50.0,25.0,0.0,0.0,0.0,0.0,0.0,45988.0
907,50.0,25.0,0.0,0.0,0.0,0.0,0.0,46040.0
908,50.0,25.0,0.0,0.0,0.0,0.0,0.0,46090.0
909,50.0,25.0,0.0,-0.0,0.0,0.0,0.0,46140.0
910,50.0,25.0,0.0,-0.0,0.0,0.0,0.0,46190.0
911,50.0,25.0,0.0,-0.0,0.0,0.0,0.0,46241.0
912,50.0,25.0,0.0,-0.0,0.0,0.0,0.0,46291.0
913,50.0,25.0,0.0,-0.0,0.0,0.0,0.0,46342.0
914,50.0,25.0,0.0,-0.0,0.0,0.0,0.0,46392.0
915,50.0,25.0,-0.0,-0.0,0.0,0.0,0.0,46443.0
916,50.0,25.0,-0.0,-0.0,0.0,0.0,0.0,46493.0
917,50.0,25.0,-0.0,-0.0,0.0,0.0,0.0,46543.0
918,50.0,25.0,-0.0,-0.0,0.0,0.0,0.0,46594.0
919,50.0,25.0,-0.0,0.0,0.0,0.0,0.0,46644.0
920,50.0,25.0,-0.0,0.0,0.0,0.0,0.0,46695.0
921,50.0,25.0,-0.0,0.0,0.0,0.0,0.0,46745.0
922,50.0,25.0,-0.0,0.0,0.0,0.0,0.0,46795.0
923,50.0,25.0,-0.0,0.0,0.0,0.0,0.0,46845.0
924,50.0,25.0,-0.0,0.0,0.0,0.0,0.0,46896.0
925,50.0,25.0,0.0,0.0,0.0,0.0,0.0,46947.0
926,50.0,25.0,0.0,0.0,0.0,0.0,0.0,46997.0
927,50.0,25.0,0.0,0.0,0.0,0.0,0.0,47047.0
928,50.0,25.0,0.0,0.0,0.0,0.0,0.0,47097.0
929,50.0,25.0,0.0,-0.0,0.0,0.0,0.0,47149.0
930,50.0,25.0,0.0,-0.0,0.0,0.0,0.0,47199.0
931,50.0,25.0,0.0,-0.0,0.0,0.0,0.0,47249.0
932,50.0,25.0,0.0,-0.0,0.0,0.0,0.0,47299.0
933,50.0,25.0,0.0,-0.0,0.0,0.0,0.0,47350.0
934,50.0,25.0,-0.0,-0.0,0.0,0.0,0.0,47400.0
935,50.0,25.0,-0.0,-0.0,0.0,0.0,0.0,47451.0
936,50.0,25.0,-0.0,-0.0,0.0,0.0,0.0,47501.0
937,50.0,25.0,-0.0,-0.0,0.0,0.0,0.0,47552.0
938,50.0,25.0,-0.0,0.0,0.0,0.0,0.0,47602.0
939,50.0,25.0,-0.0,0.0,0.0,0.0,0.0,47652.0
940,50.0,25.0,-0.0,0.0,0.0,0.0,0.0,47703.0
941,50.0,25.0,-0.0,0.0,0.0,0.0,0.0,47753.0
942,50.0,25.0,-0.0,0.0,0.0,0.0,0.0,47804.0
943,50.0,25.0,-0.0,0.0,0.0,0.0,0.0,47854.0
944,50.0,25.0,0.0,0.0,0.0,0.0,0.0,47904.0
945,50.0,25.0,0.0,0.0,0.0,0.0,0.0,47954.0
946,50.0,25.0,0.0,0.0,0.0,0.0,0.0,48006.0
947,50.0,25.0,0.0,0.0,0.0,0.0,0.0,48056.0
948,50.0,25.0,0.0,0.0,0.0,0.0,0.0,48106.0
949,50.0,25.0,0.0,0.0,0.0,0.0,0.0,48156.0
950,50.0,25.0,0.0,-0.0,0.0,0.0,0.0,48206.0
951,50.0,25.0,0.0,-0.0,0.0,0.0,0.0,48258.0
952,50.0,25.0,0.0,-0.0,0.0,0.0,0.0,48308.0
953,50.0,25.0,0.0,-0.0,0.0,0.0,0.0,48358.0
954,50.0,25.0,-0.0,-0.0,0.0,0.0,0.0,48408.0
955,50.0,25.0,-0.0,-0.0,0.0,0.0,0.0,48459.0
956,50.0,25.0,-0.0,-0.0,0.0,0.0,0.0,48509.0
957,50.0,25.0,-0.0,-0.0,0.0,0.0,0.0,48560.0
958,50.0,25.0,-0.0,-0.0,0.0,0.0,0.0,48610.0
959,50.0,25.0,-0.0,0.0,0.0,0.0,0.0,48661.0
960,50.0,25.0,-0.0,0.0,0.0,0.0,0.0,48711.0
961,50.0,25.0,-0.0,0.0,0.0,0.0,0.0,48761.0
962,50.0,25.0,-0.0,0.0,0.0,0.0,0.0,48812.0
963,50.0,25.0,-0.0,0.0,0.0,0.0,0.0,48862.0
964,50.0,25.0,0.0,0.0,0.0,0.0,0.0,48913.0
965,50.0,25.0,0.0,0.0,0.0,0.0,0.0,48963.0
966,50.0,25.0,0.0,0.0,0.0,0.0,0.0,49013.0
967,50.0,25.0,0.0,0.0,0.0,0.0,0.0,49063.0
968,50.0,25.0,0.0,0.0,0.0,0.0,0.0,49115.0
969,50.0,25.0,0.0,0.0,0.0,0.0,0.0,49165.0
970,50.0,25.0,0.0,-0.0,0.0,0.0,0.0,49215.0
971,50.0,25.0,0.0,-0.0,0.0,0.0,0.0,49265.0
972,50.0,25.0,0.0,-0.0,0.0,0.0,0.0,49316.0
973,50.0,25.0,0.0,-0.0,0.0,0.0,0.0,49367.0
974,50.0,25.0,-0.0,-0.0,0.0,0.0,0.0,49417.0
975,50.0,25.0,-0.0,-0.0,0.0,0.0,0.0,49467.0
976,50.0,25.0,-0.0,-0.0,0.0,0.0,0.0,49517.0
977,50.0,25.0,-0.0,-0.0,0.0,0.0,0.0,49568.0
978,50.0,25.0,-0.0,-0.0,0.0,0.0,0.0,49618.0
979,50.0,25.0,-0.0,0.0,0.0,0.0,0.0,49669.0
980,50.0,25.0,-0.0,0.0,0.0,0.0,0.0,49719.0
981,50.0,25.0,-0.0,0.0,0.0,0.0,0.0,49770.0
982,50.0,25.0,-0.0,0.0,0.0,0.0,0.0,49820.0
983,50.0,25.0,-0.0,0.0,0.0,0.0,0.0,49870.0
984,50.0,25.0,0.0,0.0,0.0,0.0,0.0,49921.0
985,50.0,25.0,0.0,0.0,0.0,0.0,0.0,49972.0
986,50.0,25.0,0.0,0.0,0.0,0.0,0.0,50022.0
987,50.0,25.0,0.0,0.0,0.0,0.0,0.0,50072.0
988,50.0,25.0,0.0,0.0,0.0,0.0,0.0,50122.0
989,50.0,25.0,0.0,0.0,0.0,0.0,0.0,50172.0
990,50.0,25.0,0.0,-0.0,0.0,0.0,0.0,50224.0
991,50.0,25.0,0.0,-0.0,0.0,0.0,0.0,50274.0
992,50.0,25.0,0.0,-0.0,0.0,0.0,0.0,50324.0
993,50.0,25.0,0.0,-0.0,0.0,0.0,0.0,50374.0
994,50.0,25.0,-0.0,-0.0,0.0,0.0,0.0,50425.0
995,50.0,25.0,-0.0,-0.0,0.0,0.0,0.0,50476.0
996,50.0,25.0,-0.0,-0.0,0.0,0.0,0.0,50526.0
997,50.0,25.0,-0.0,-0.0,0.0,0.0,0.0,50576.0
998,50.0,25.0,-0.0,-0.0,0.0,0.0,0.0,50627.0
999,50.0,25.0,-0.0,0.0,0.0,0.0,0.0,50677.0
1000,50.0,25.0,-0.0,0.0,0.0,0.0,0.0,50727.0
1001,50.0,25.0,-0.0,0.0,0.0,0.0,0.0,50778.0
1002,0.0,25.0,-25.0,-4500.0,0.0,0.0,0.0,50879.0
1003,0.0,24.87,-47.5,-4025.0,0.0,0.0,0.0,50929.0
1004,0.0,24.64,-67.63,-3575.0,0.0,0.0,0.0,50979.0
1005,0.0,24.3,-85.5,-3149.87,0.0,0.0,0.0,51031.0
1006,0.0,23.87,-101.25,-2749.39,0.0,0.0,0.0,51081.0
1007,0.0,23.37,-115.0,-2373.2,0.0,0.0,0.0,51131.0
1008,0.0,22.79,-126.86,-2020.88,0.0,0.0,0.0,51181.0
1009,0.0,22.16,-136.97,-1691.93,0.0,0.0,0.0,51232.0
1010,0.0,21.47,-145.43,-1385.77,0.0,0.0,0.0,51282.0
1011,0.0,20.74,-152.36,-1101.77,0.0,0.0,0.0,51333.0
1012,0.0,19.98,-157.86,-839.24,0.0,0.0,0.0,51383.0
1013,0.0,19.19,-162.06,-597.45,0.0,0.0,0.0,51433.0
1014,0.0,18.38,-165.05,-375.64,0.0,0.0,0.0,51484.0
1015,0.0,17.56,-166.93,-173.03,0.0,0.0,0.0,51534.0
1016,0.0,16.72,-167.79,11.2,0.0,0.0,0.0,51585.0
1017,0.0,15.88,-167.73,177.87,0.0,0.0,0.0,51635.0
1018,0.0,15.05,-166.85,327.82,0.0,0.0,0.0,51686.0
1019,0.0,14.21,-165.21,461.88,0.0,0.0,0.0,51736.0
1020,0.0,13.39,-162.9,580.9,0.0,0.0,0.0,51786.0
1021,0.0,12.57,-159.99,685.71,0.0,0.0,0.0,51836.0
1022,0.0,11.77,-156.56,777.13,0.0,0.0,0.0,51887.0
1023,0.0,10.99,-152.68,855.98,0.0,0.0,0.0,51938.0
1024,0.0,10.22,-148.4,923.06,0.0,0.0,0.0,51988.0
1025,0.0,9.48,-143.78,979.15,0.0,0.0,0.0,52038.0
1026,0.0,8.76,-138.89,1025.02,0.0,0.0,0.0,52088.0
1027,0.0,8.07,-133.76,1061.41,0.0,0.0,0.0,52140.0
1028,0.0,7.4,-128.46,1089.03,0.0,0.0,0.0,52190.0
1029,0.0,6.76,-123.01,1108.58,0.0,0.0,0.0,52240.0
1030,0.0,6.14,-117.47,1120.73,0.0,0.0,0.0,52290.0
1031,0.0,5.56,-111.86,1126.13,0.0,0.0,0.0,52341.0
1032,0.0,5.0,-106.23,1125.38,0.0,0.0,0.0,52391.0
1033,0.0,4.47,-100.61,1119.07,0.0,0.0,0.0,52442.0
1034,0.0,3.96,-95.01,1107.77,0.0,0.0,0.0,52492.0
1035,0.0,3.49,-89.47,1092.01,0.0,0.0,0.0,52542.0
1036,0.0,3.04,-84.01,1072.28,0.0,0.0,0.0,52593.0
1037,0.0,2.62,-78.65,1049.06,0.0,0.0,0.0,52643.0
1038,0.0,2.23,-73.41,1022.81,0.0,0.0,0.0,52694.0
1039,0.0,1.86,-68.29,993.93,0.0,0.0,0.0,52744.0
1040,0.0,1.52,-63.32,962.83,0.0,0.0,0.0,52795.0
1041,0.0,1.2,-58.51,929.87,0.0,0.0,0.0,52845.0
1042,0.0,0.91,-53.86,895.39,0.0,0.0,0.0,52895.0
1043,0.0,0.64,-49.38,859.71,0.0,0.0,0.0,52945.0
1044,0.0,0.39,-45.08,823.12,0.0,0.0,0.0,52996.0
1045,0.0,0.17,-40.97,785.89,0.0,0.0,0.0,53047.0
1046,0.0,-0.04,-37.04,748.27,0.0,0.0,0.0,53097.0
1047,0.0,-0.22,-33.3,710.48,0.0,0.0,0.0,53147.0
1048,0.0,-0.39,-29.74,672.73,0.0,0.0,0.0,53197.0
1049,0.0,-0.54,-26.38,635.2,0.0,0.0,0.0,53249.0
1050,0.0,-0.67,-23.2,598.06,0.0,0.0,0.0,53299.0
1051,0.0,-0.79,-20.21,561.46,0.0,0.0,0.0,53349.0
1052,0.0,-0.89,-17.41,525.52,0.0,0.0,0.0,53399.0
1053,0.0,-0.97,-14.78,490.38,0.0,0.0,0.0,53450.0
1054,0.0,-1.05,-12.33,456.12,0.0,0.0,0.0,53500.0
1055,0.0,-1.11,-10.05,422.83,0.0,0.0,0.0,53551.0
1056,0.0,-1.16,-7.93,390.6,0.0,0.0,0.0,53601.0
1057,0.0,-1.2,-5.98,359.47,0.0,0.0,0.0,53651.0
1058,0.0,-1.23,-4.18,329.5,0.0,0.0,0.0,53702.0
1059,0.0,-1.25,-2.53,300.73,0.0,0.0,0.0,53752.0
1060,0.0,-1.26,-1.03,273.2,0.0,0.0,0.0,53803.0
1061,0.0,-1.27,0.34,246.91,0.0,0.0,0.0,53853.0
1062,0.0,-1.27,1.57,221.88,0.0,0.0,0.0,53904.0
1063,0.0,-1.26,2.68,198.12,0.0,0.0,0.0,53954.0
1064,0.0,-1.25,3.67,175.63,0.0,0.0,0.0,54004.0
1065,0.0,-1.23,4.55,154.4,0.0,0.0,0.0,54054.0
1066,0.0,-1.2,5.32,134.41,0.0,0.0,0.0,54106.0
1067,0.0,-1.18,5.99,115.65,0.0,0.0,0.0,54156.0
1068,0.0,-1.15,6.57,98.09,0.0,0.0,0.0,54206.0
1069,0.0,-1.11,7.06,81.71,0.0,0.0,0.0,54256.0
1070,0.0,-1.08,7.47,66.48,0.0,0.0,0.0,54306.0
1071,0.0,-1.04,7.8,52.36,0.0,0.0,0.0,54358.0
1072,0.0,-1.0,8.06,39.33,0.0,0.0,0.0,54408.0
1073,0.0,-0.96,8.26,27.33,0.0,0.0,0.0,54458.0
1074,0.0,-0.92,8.4,16.34,0.0,0.0,0.0,54508.0
1075,0.0,-0.88,8.48,6.31,0.0,0.0,0.0,54558.0
1076,0.0,-0.84,8.51,-2.8,0.0,0.0,0.0,54609.0
1077,0.0,-0.79,8.5,-11.03,0.0,0.0,0.0,54660.0
1078,0.0,-0.75,8.44,-18.42,0.0,0.0,0.0,54710.0
1079,0.0,-0.71,8.35,-25.02,0.0,0.0,0.0,54760.0
1080,0.0,-0.67,8.22,-30.87,0.0,0.0,0.0,54811.0
1081,0.0,-0.63,8.07,-36.01,0.0,0.0,0.0,54861.0
1082,0.0,-0.59,7.89,-40.47,0.0,0.0,0.0,54912.0
1083,0.0,-0.55,7.69,-44.32,0.0,0.0,0.0,54962.0
1084,0.0,-0.51,7.47,-47.57,0.0,0.0,0.0,55013.0
1085,0.0,-0.47,7.23,-50.28,0.0,0.0,0.0,55063.0
1086,0.0,-0.44,6.98,-52.48,0.0,0.0,0.0,55113.0
1087,0.0,-0.4,6.71,-54.21,0.0,0.0,0.0,55163.0
1088,0.0,-0.37,6.44,-55.5,0.0,0.0,0.0,55215.0
1089,0.0,-0.33,6.17,-56.39,0.0,0.0,0.0,55265.0
1090,0.0,-0.3,5.88,-56.92,0.0,0.0,0.0,55315.0
1091,0.0,-0.27,5.6,-57.11,0.0,0.0,0.0,55365.0
1092,0.0,-0.25,5.31,-57.0,0.0,0.0,0.0,55415.0
1093,0.0,-0.22,5.03,-56.61,0.0,0.0,0.0,55467.0
1094,0.0,-0.19,4.74,-55.98,0.0,0.0,0.0,55517.0
1095,0.0,-0.17,4.46,-55.12,0.0,0.0,0.0,55567.0
1096,0.0,-0.15,4.19,-54.08,0.0,0.0,0.0,55617.0
1097,0.0,-0.13,3.92,-52.86,0.0,0.0,0.0,55668.0
1098,0.0,-0.11,3.65,-51.49,0.0,0.0,0.0,55718.0
1099,0.0,-0.09,3.4,-50.0,0.0,0.0,0.0,55769.0
1100,0.0,-0.07,3.15,-48.39,0.0,0.0,0.0,55819.0
1101,0.0,-0.06,2.91,-46.7,0.0,0.0,0.0,55870.0
1102,0.0,-0.04,2.67,-44.94,0.0,0.0,0.0,55920.0
1103,0.0,-0.03,2.45,-43.12,0.0,0.0,0.0,55970.0
1104,0.0,-0.02,2.23,-41.25,0.0,0.0,0.0,56020.0
1105,0.0,-0.01,2.03,-39.36,0.0,0.0,0.0,56071.0
1106,0.0,0.0,1.83,-37.45,0.0,0.0,0.0,56122.0
1107,0.0,0.01,1.64,-35.53,0.0,0.0,0.0,56172.0
1108,0.0,0.02,1.46,-33.62,0.0,0.0,0.0,56222.0
1109,0.0,0.03,1.3,-31.72,0.0,0.0,0.0,56272.0
1110,0.0,0.04,1.14,-29.84,0.0,0.0,0.0,56324.0
1111,0.0,0.04,0.99,-28.0,0.0,0.0,0.0,56374.0
1112,0.0,0.05,0.85,-26.18,0.0,0.0,0.0,56424.0
1113,0.0,0.05,0.72,-24.41,0.0,0.0,0.0,56474.0
1114,0.0,0.05,0.59,-22.69,0.0,0.0,0.0,56525.0
1115,0.0,0.06,0.48,-21.01,0.0,0.0,0.0,56576.0
1116,0.0,0.06,0.38,-19.39,0.0,0.0,0.0,56626.0
1117,0.0,0.06,0.28,-17.83,0.0,0.0,0.0,56676.0
1118,0.0,0.06,0.19,-16.33,0.0,0.0,0.0,56726.0
1119,0.0,0.06,0.11,-14.88,0.0,0.0,0.0,56777.0
1120,0.0,0.06,0.03,-13.5,0.0,0.0,0.0,56827.0
1121,0.0,0.06,-0.03,-12.19,0.0,0.0,0.0,56878.0
1122,0.0,0.06,-0.09,-10.94,0.0,0.0,0.0,56928.0
1123,0.0,0.06,-0.15,-9.75,0.0,0.0,0.0,56979.0
1124,0.0,0.06,-0.2,-8.62,0.0,0.0,0.0,57029.0
1125,0.0,0.06,-0.24,-7.56,0.0,0.0,0.0,57079.0
1126,0.0,0.06,-0.28,-6.57,0.0,0.0,0.0,57129.0
1127,0.0,0.06,-0.31,-5.63,0.0,0.0,0.0,57180.0
1128,0.0,0.06,-0.34,-4.76,0.0,0.0,0.0,57231.0
1129,0.0,0.06,-0.36,-3.94,0.0,0.0,0.0,57281.0
1130,0.0,0.05,-0.38,-3.18,0.0,0.0,0.0,57331.0
1131,0.0,0.05,-0.4,-2.48,0.0,0.0,0.0,57381.0
1132,0.0,0.05,-0.41,-1.83,0.0,0.0,0.0,57433.0
1133,0.0,0.05,-0.42,-1.24,0.0,0.0,0.0,57483.0
1134,0.0,0.05,-0.43,-0.69,0.0,0.0,0.0,57533.0
1135,0.0,0.04,-0.43,-0.2,0.0,0.0,0.0,57583.0
1136,0.0,0.04,-0.43,0.25,0.0,0.0,0.0,57634.0
1137,0.0,0.04,-0.43,0.66,0.0,0.0,0.0,57684.0
1138,0.0,0.04,-0.43,1.02,0.0,0.0,0.0,57735.0
1139,0.0,0.04,-0.42,1.35,0.0,0.0,0.0,57785.0
1140,0.0,0.03,-0.42,1.63,0.0,0.0,0.0,57835.0
1141,0.0,0.03,-0.41,1.89,0.0,0.0,0.0,57886.0
1142,0.0,0.03,-0.4,2.1,0.0,0.0,0.0,57936.0
1143,0.0,0.03,-0.39,2.29,0.0,0.0,0.0,57987.0
1144,0.0,0.03,-0.38,2.45,0.0,0.0,0.0,58037.0
1145,0.0,0.02,-0.36,2.58,0.0,0.0,0.0,58088.0
1146,0.0,0.02,-0.35,2.68,0.0,0.0,0.0,58138.0
1147,0.0,0.02,-0.34,2.77,0.0,0.0,0.0,58188.0
1148,0.0,0.02,-0.32,2.83,0.0,0.0,0.0,58238.0
1149,0.0,0.02,-0.31,2.87,0.0,0.0,0.0,58290.0
1150,0.0,0.02,-0.29,2.89,0.0,0.0,0.0,58340.0
1151,0.0,0.01,-0.28,2.9,0.0,0.0,0.0,58390.0
1152,0.0,0.01,-0.27,2.89,0.0,0.0,0.0,58440.0
1153,0.0,0.01,-0.25,2.86,0.0,0.0,0.0,58490.0
1154,0.0,0.01,-0.24,2.83,0.0,0.0,0.0,58542.0
1155,0.0,0.01,-0.22,2.78,0.0,0.0,0.0,58592.0
1156,0.0,0.01,-0.21,2.73,0.0,0.0,0.0,58642.0
1157,0.0,0.01,-0.2,2.66,0.0,0.0,0.0,58692.0
1158,0.0,0.01,-0.18,2.59,0.0,0.0,0.0,58743.0
1159,0.0,0.0,-0.17,2.51,0.0,0.0,0.0,58793.0
1160,0.0,0.0,-0.16,2.43,0.0,0.0,0.0,58844.0
1161,0.0,0.0,-0.14,2.35,0.0,0.0,0.0,58894.0
1162,0.0,0.0,-0.13,2.25,0.0,0.0,0.0,58945.0
1163,0.0,0.0,-0.12,2.16,0.0,0.0,0.0,58995.0
1164,0.0,0.0,-0.11,2.07,0.0,0.0,0.0,59045.0
1165,0.0,0.0,-0.1,1.97,0.0,0.0,0.0,59096.0
1166,0.0,-0.0,-0.09,1.87,0.0,0.0,0.0,59146.0
1167,0.0,-0.0,-0.08,1.78,0.0,0.0,0.0,59197.0
1168,0.0,-0.0,-0.07,1.68,0.0,0.0,0.0,59247.0
1169,0.0,-0.0,-0.06,1.58,0.0,0.0,0.0,59297.0
1170,0.0,-0.0,-0.06,1.49,0.0,0.0,0.0,59347.0
1171,0.0,-0.0,-0.05,1.4,0.0,0.0,0.0,59399.0
1172,0.0,-0.0,-0.04,1.3,0.0,0.0,0.0,59449.0
1173,0.0,-0.0,-0.03,1.22,0.0,0.0,0.0,59499.0
1174,0.0,-0.0,-0.03,1.13,0.0,0.0,0.0,59549.0
1175,0.0,-0.0,-0.02,1.04,0.0,0.0,0.0,59600.0
1176,0.0,-0.0,-0.02,0.96,0.0,0.0,0.0,59651.0
1177,0.0,-0.0,-0.01,0.88,0.0,0.0,0.0,59701.0
1178,0.0,-0.0,-0.01,0.81,0.0,0.0,0.0,59751.0
1179,0.0,-0.0,-0.0,0.74,0.0,0.0,0.0,59801.0
1180,0.0,-0.0,-0.0,0.67,0.0,0.0,0.0,59852.0
1181,0.0,-0.0,0.0,0.6,0.0,0.0,0.0,59902.0
1182,0.0,-0.0,0.01,0.54,0.0,0.0,0.0,59953.0
1183,0.0,-0.0,0.01,0.48,0.0,0.0,0.0,60003.0
1184,0.0,-0.0,0.01,0.42,0.0,0.0,0.0,60054.0
1185,0.0,-0.0,0.01,0.37,0.0,0.0,0.0,60104.0
1186,0.0,-0.0,0.01,0.32,0.0,0.0,0.0,60154.0
1187,0.0,-0.0,0.02,0.27,0.0,0.0,0.0,60205.0
1188,0.0,-0.0,0.02,0.23,0.0,0.0,0.0,60256.0
1189,0.0,-0.0,0.02,0.19,0.0,0.0,0.0,60306.0
1190,0.0,-0.0,0.02,0.15,0.0,0.0,0.0,60356.0
1191,0.0,-0.0,0.02,0.12,0.0,0.0,0.0,60406.0
1192,0.0,-0.0,0.02,0.09,0.0,0.0,0.0,60456.0
1193,0.0,-0.0,0.02,0.06,0.0,0.0,0.0,60508.0
1194,0.0,-0.0,0.02,0.03,0.0,0.0,0.0,60558.0
1195,0.0,-0.0,0.02,0.0,0.0,0.0,0.0,60608.0
1196,0.0,-0.0,0.02,-0.02,0.0,0.0,0.0,60658.0
1197,0.0,-0.0,0.02,-0.04,0.0,0.0,0.0,60709.0
1198,0.0,-0.0,0.02,-0.06,0.0,0.0,0.0,60760.0
1199,0.0,-0.0,0.02,-0.07,0.0,0.0,0.0,60810.0
1200,0.0,-0.0,0.02,-0.09,0.0,0.0,0.0,60860.0
1201,0.0,-0.0,0.02,-0.1,0.0,0.0,0.0,60910.0
1202,0.0,-0.0,0.02,-0.11,0.0,0.0,0.0,60961.0
1203,0.0,-0.0,0.02,-0.12,0.0,0.0,0.0,61011.0
1204,0.0,-0.0,0.02,-0.13,0.0,0.0,0.0,61062.0
1205,0.0,-0.0,0.02,-0.13,0.0,0.0,0.0,61112.0
1206,0.0,-0.0,0.02,-0.14,0.0,0.0,0.0,61163.0
1207,0.0,-0.0,0.02,-0.14,0.0,0.0,0.0,61213.0
1208,0.0,-0.0,0.02,-0.14,0.0,0.0,0.0,61263.0
1209,0.0,-0.0,0.02,-0.15,0.0,0.0,0.0,61314.0
1210,0.0,-0.0,0.01,-0.15,0.0,0.0,0.0,61365.0
1211,0.0,-0.0,0.01,-0.15,0.0,0.0,0.0,61415.0
1212,0.0,-0.0,0.01,-0.15,0.0,0.0,0.0,61465.0
1213,0.0,-0.0,0.01,-0.14,0.0,0.0,0.0,61515.0
1214,0.0,-0.0,0.01,-0.14,0.0,0.0,0.0,61565.0
1215,0.0,-0.0,0.01,-0.14,0.0,0.0,0.0,61617.0
1216,0.0,-0.0,0.01,-0.14,0.0,0.0,0.0,61667.0
1217,0.0,-0.0,0.01,-0.13,0.0,0.0,0.0,61717.0
1218,0.0,-0.0,0.01,-0.13,0.0,0.0,0.0,61767.0
1219,0.0,-0.0,0.01,-0.13,0.0,0.0,0.0,61818.0
1220,0.0,-0.0,0.01,-0.12,0.0,0.0,0.0,61869.0
1221,0.0,-0.0,0.01,-0.12,0.0,0.0,0.0,61919.0
1222,0.0,-0.0,0.01,-0.11,0.0,0.0,0.0,61969.0
1223,0.0,-0.0,0.01,-0.11,0.0,0.0,0.0,62020.0
1224,0.0,-0.0,0.01,-0.1,0.0,0.0,0.0,62070.0
1225,0.0,-0.0,0.0,-0.1,0.0,0.0,0.0,62120.0
1226,0.0,0.0,0.0,-0.09,0.0,0.0,0.0,62171.0
1227,0.0,0.0,0.0,-0.09,0.0,0.0,0.0,62221.0
1228,0.0,0.0,0.0,-0.08,0.0,0.0,0.0,62272.0
1229,0.0,0.0,0.0,-0.08,0.0,0.0,0.0,62322.0
1230,0.0,0.0,0.0,-0.07,0.0,0.0,0.0,62372.0
1231,0.0,0.0,0.0,-0.07,0.0,0.0,0.0,62423.0
1232,0.0,0.0,0.0,-0.06,0.0,0.0,0.0,62474.0
1233,0.0,0.0,0.0,-0.06,0.0,0.0,0.0,62524.0
1234,0.0,0.0,0.0,-0.06,0.0,0.0,0.0,62574.0
1235,0.0,0.0,0.0,-0.05,0.0,0.0,0.0,62624.0
1236,0.0,0.0,0.0,-0.05,0.0,0.0,0.0,62675.0
1237,0.0,0.0,0.0,-0.04,0.0,0.0,0.0,62726.0
1238,0.0,0.0,0.0,-0.04,0.0,0.0,0.0,62776.0
1239,0.0,0.0,0.0,-0.04,0.0,0.0,0.0,62826.0
1240,0.0,0.0,-0.0,-0.03,0.0,0.0,0.0,62876.0
1241,0.0,0.0,-0.0,-0.03,0.0,0.0,0.0,62927.0
1242,0.0,0.0,-0.0,-0.03,0.0,0.0,0.0,62978.0
1243,0.0,0.0,-0.0,-0.02,0.0,0.0,0.0,63028.0
1244,0.0,0.0,-0.0,-0.02,0.0,0.0,0.0,63078.0
1245,0.0,0.0,-0.0,-0.02,0.0,0.0,0.0,63129.0
1246,0.0,0.0,-0.0,-0.02,0.0,0.0,0.0,63179.0
1247,0.0,0.0,-0.0,-0.01,0.0,0.0,0.0,63229.0
1248,0.0,0.0,-0.0,-0.01,0.0,0.0,0.0,63280.0
1249,0.0,0.0,-0.0,-0.01,0.0,0.0,0.0,63331.0
1250,0.0,0.0,-0.0,-0.01,0.0,0.0,0.0,63381.0
1251,0.0,0.0,-0.0,-0.01,0.0,0.0,0.0,63431.0
1252,0.0,0.0,-0.0,-0.0,0.0,0.0,0.0,63481.0
1253,0.0,0.0,-0.0,-0.0,0.0,0.0,0.0,63532.0
1254,0.0,0.0,-0.0,-0.0,0.0,0.0,0.0,63583.0
1255,0.0,0.0,-0.0,0.0,0.0,0.0,0.0,63633.0
1256,0.0,0.0,-0.0,0.0,0.0,0.0,0.0,63683.0
1257,0.0,0.0,-0.0,0.0,0.0,0.0,0.0,63733.0
1258,0.0,0.0,-0.0,0.0,0.0,0.0,0.0,63784.0
1259,0.0,0.0,-0.0,0.0,0.0,0.0,0.0,63835.0
1260,0.0,0.0,-0.0,0.0,0.0,0.0,0.0,63885.0
1261,0.0,0.0,-0.0,0.01,0.0,0.0,0.0,63935.0
1262,0.0,0.0,-0.0,0.01,0.0,0.0,0.0,63986.0
1263,0.0,0.0,-0.0,0.01,0.0,0.0,0.0,64036.0
1264,0.0,0.0,-0.0,0.01,0.0,0.0,0.0,64087.0
1265,0.0,0.0,-0.0,0.01,0.0,0.0,0.0,64137.0
1266,0.0,0.0,-0.0,0.01,0.0,0.0,0.0,64187.0
1267,0.0,0.0,-0.0,0.01,0.0,0.0,0.0,64238.0
1268,0.0,0.0,-0.0,0.01,0.0,0.0,0.0,64288.0
1269,0.0,0.0,-0.0,0.01,0.0,0.0,0.0,64338.0
1270,0.0,0.0,-0.0,0.01,0.0,0.0,0.0,64389.0
1271,0.0,0.0,-0.0,0.01,0.0,0.0,0.0,64440.0
1272,0.0,0.0,-0.0,0.01,0.0,0.0,0.0,64490.0
1273,0.0,0.0,-0.0,0.01,0.0,0.0,0.0,64540.0
1274,0.0,0.0,-0.0,0.01,0.0,0.0,0.0,64590.0
1275,0.0,0.0,-0.0,0.01,0.0,0.0,0.0,64642.0
1276,0.0,0.0,-0.0,0.01,0.0,0.0,0.0,64692.0
1277,0.0,0.0,-0.0,0.01,0.0,0.0,0.0,64742.0
1278,0.0,0.0,-0.0,0.01,0.0,0.0,0.0,64792.0
1279,0.0,0.0,-0.0,0.01,0.0,0.0,0.0,64842.0
1280,0.0,0.0,-0.0,0.01,0.0,0.0,0.0,64893.0
1281,0.0,0.0,-0.0,0.01,0.0,0.0,0.0,64944.0
1282,0.0,0.0,-0.0,0.01,0.0,0.0,0.0,64994.0
1283,0.0,0.0,-0.0,0.01,0.0,0.0,0.0,65044.0
1284,0.0,0.0,-0.0,0.01,0.0,0.0,0.0,65095.0
1285,0.0,-0.0,-0.0,0.0,0.0,0.0,0.0,65145.0
1286,0.0,-0.0,-0.0,0.0,0.0,0.0,0.0,65196.0
1287,0.0,-0.0,-0.0,0.0,0.0,0.0,0.0,65246.0
1288,0.0,-0.0,-0.0,0.0,0.0,0.0,0.0,65296.0
1289,0.0,-0.0,-0.0,0.0,0.0,0.0,0.0,65347.0
1290,0.0,-0.0,-0.0,0.0,0.0,0.0,0.0,65397.0
1291,0.0,-0.0,-0.0,0.0,0.0,0.0,0.0,65447.0
1292,0.0,-0.0,-0.0,0.0,0.0,0.0,0.0,65498.0
1293,0.0,-0.0,-0.0,0.0,0.0,0.0,0.0,65549.0
1294,0.0,-0.0,-0.0,0.0,0.0,0.0,0.0,65599.0
1295,0.0,-0.0,-0.0,0.0,0.0,0.0,0.0,65649.0
1296,0.0,-0.0,-0.0,0.0,0.0,0.0,0.0,65699.0
1297,0.0,-0.0,-0.0,0.0,0.0,0.0,0.0,65751.0
1298,0.0,-0.0,-0.0,0.0,0.0,0.0,0.0,65801.0
1299,0.0,-0.0,-0.0,0.0,0.0,0.0,0.0,65851.0
1300,0.0,-0.0,0.0,0.0,0.0,0.0,0.0,65901.0
1301,0.0,-0.0,0.0,0.0,0.0,0.0,0.0,65951.0
1302,0.0,-0.0,0.0,0.0,0.0,0.0,0.0,66002.0
1303,0.0,-0.0,0.0,0.0,0.0,0.0,0.0,66053.0
1304,0.0,-0.0,0.0,0.0,0.0,0.0,0.0,66103.0
1305,0.0,-0.0,0.0,0.0,0.0,0.0,0.0,66153.0
1306,0.0,-0.0,0.0,0.0,0.0,0.0,0.0,66204.0
1307,0.0,-0.0,0.0,0.0,0.0,0.0,0.0,66254.0
1308,0.0,-0.0,0.0,0.0,0.0,0.0,0.0,66305.0
1309,0.0,-0.0,0.0,0.0,0.0,0.0,0.0,66355.0
1310,0.0,-0.0,0.0,0.0,0.0,0.0,0.0,66406.0
1311,0.0,-0.0,0.0,0.0,0.0,0.0,0.0,66456.0
1312,0.0,-0.0,0.0,0.0,0.0,0.0,0.0,66506.0
1313,0.0,-0.0,0.0,0.0,0.0,0.0,0.0,66556.0
1314,0.0,-0.0,0.0,0.0,0.0,0.0,0.0,66607.0
1315,0.0,-0.0,0.0,-0.0,0.0,0.0,0.0,66658.0
1316,0.0,-0.0,0.0,-0.0,0.0,0.0,0.0,66708.0
1317,0.0,-0.0,0.0,-0.0,0.0,0.0,0.0,66758.0
1318,0.0,-0.0,0.0,-0.0,0.0,0.0,0.0,66808.0
1319,0.0,-0.0,0.0,-0.0,0.0,0.0,0.0,66860.0
1320,0.0,-0.0,0.0,-0.0,0.0,0.0,0.0,66910.0
1321,0.0,-0.0,0.0,-0.0,0.0,0.0,0.0,66960.0
1322,0.0,-0.0,0.0,-0.0,0.0,0.0,0.0,67010.0
1323,0.0,-0.0,0.0,-0.0,0.0,0.0,0.0,67061.0
1324,0.0,-0.0,0.0,-0.0,0.0,0.0,0.0,67111.0
1325,0.0,-0.0,0.0,-0.0,0.0,0.0,0.0,67162.0
1326,0.0,-0.0,0.0,-0.0,0.0,0.0,0.0,67212.0
1327,0.0,-0.0,0.0,-0.0,0.0,0.0,0.0,67263.0
1328,0.0,-0.0,0.0,-0.0,0.0,0.0,0.0,67313.0
1329,0.0,-0.0,0.0,-0.0,0.0,0.0,0.0,67363.0
1330,0.0,-0.0,0.0,-0.0,0.0,0.0,0.0,67414.0
1331,0.0,-0.0,0.0,-0.0,0.0,0.0,0.0,67464.0
1332,0.0,-0.0,0.0,-0.0,0.0,0.0,0.0,67515.0
1333,0.0,-0.0,0.0,-0.0,0.0,0.0,0.0,67565.0
1334,0.0,-0.0,0.0,-0.0,0.0,0.0,0.0,67615.0
1335,0.0,-0.0,0.0,-0.0,0.0,0.0,0.0,67665.0
1336,0.0,-0.0,0.0,-0.0,0.0,0.0,0.0,67717.0
1337,0.0,-0.0,0.0,-0.0,0.0,0.0,0.0,67767.0
1338,0.0,-0.0,0.0,-0.0,0.0,0.0,0.0,67817.0
1339,0.0,-0.0,0.0,-0.0,0.0,0.0,0.0,67867.0
1340,0.0,-0.0,0.0,-0.0,0.0,0.0,0.0,67917.0
1341,0.0,-0.0,0.0,-0.0,0.0,0.0,0.0,67969.0
1342,0.0,-0.0,0.0,-0.0,0.0,0.0,0.0,68019.0
1343,0.0,-0.0,0.0,-0.0,0.0,0.0,0.0,68069.0
1344,0.0,-0.0,0.0,-0.0,0.0,0.0,0.0,68119.0
1345,0.0,0.0,0.0,-0.0,0.0,0.0,0.0,68170.0
1346,0.0,0.0,0.0,-0.0,0.0,0.0,0.0,68220.0
1347,0.0,0.0,0.0,-0.0,0.0,0.0,0.0,68271.0
1348,0.0,0.0,0.0,-0.0,0.0,0.0,0.0,68321.0
1349,0.0,0.0,0.0,-0.0,0.0,0.0,0.0,68372.0
1350,0.0,0.0,0.0,-0.0,0.0,0.0,0.0,68422.0
1351,0.0,0.0,0.0,-0.0,0.0,0.0,0.0,68472.0
1352,0.0,0.0,0.0,-0.0,0.0,0.0,0.0,68523.0
1353,0.0,0.0,0.0,-0.0,0.0,0.0,0.0,68573.0
1354,0.0,0.0,0.0,-0.0,0.0,0.0,0.0,68624.0
1355,0.0,0.0,0.0,-0.0,0.0,0.0,0.0,68674.0
1356,0.0,0.0,0.0,-0.0,0.0,0.0,0.0,68724.0
1357,0.0,0.0,0.0,-0.0,0.0,0.0,0.0,68774.0
1358,0.0,0.0,0.0,-0.0,0.0,0.0,0.0,68826.0
1359,0.0,0.0,0.0,-0.0,0.0,0.0,0.0,68876.0
1360,0.0,0.0,-0.0,-0.0,0.0,0.0,0.0,68926.0
1361,0.0,0.0,-0.0,-0.0,0.0,0.0,0.0,68976.0
1362,0.0,0.0,-0.0,-0.0,0.0,0.0,0.0,69027.0
1363,0.0,0.0,-0.0,-0.0,0.0,0.0,0.0,69078.0
1364,0.0,0.0,-0.0,-0.0,0.0,0.0,0.0,69128.0
1365,0.0,0.0,-0.0,-0.0,0.0,0.0,0.0,69178.0
1366,0.0,0.0,-0.0,-0.0,0.0,0.0,0.0,69228.0
1367,0.0,0.0,-0.0,-0.0,0.0,0.0,0.0,69279.0
1368,0.0,0.0,-0.0,-0.0,0.0,0.0,0.0,69329.0
1369,0.0,0.0,-0.0,-0.0,0.0,0.0,0.0,69380.0
1370,0.0,0.0,-0.0,-0.0,0.0,0.0,0.0,69430.0
1371,0.0,0.0,-0.0,-0.0,0.0,0.0,0.0,69481.0
1372,0.0,0.0,-0.0,-0.0,0.0,0.0,0.0,69531.0
1373,0.0,0.0,-0.0,-0.0,0.0,0.0,0.0,69581.0
1374,0.0,0.0,-0.0,-0.0,0.0,0.0,0.0,69632.0
1375,0.0,0.0,-0.0,0.0,0.0,0.0,0.0,69682.0
1376,0.0,0.0,-0.0,0.0,0.0,0.0,0.0,69733.0
1377,0.0,0.0,-0.0,0.0,0.0,0.0,0.0,69783.0
1378,0.0,0.0,-0.0,0.0,0.0,0.0,0.0,69833.0
1379,0.0,0.0,-0.0,0.0,0.0,0.0,0.0,69883.0
1380,0.0,0.0,-0.0,0.0,0.0,0.0,0.0,69935.0
1381,0.0,0.0,-0.0,0.0,0.0,0.0,0.0,69985.0
1382,0.0,0.0,-0.0,0.0,0.0,0.0,0.0,70035.0
1383,0.0,0.0,-0.0,0.0,0.0,0.0,0.0,70085.0
1384,0.0,0.0,-0.0,0.0,0.0,0.0,0.0,70136.0
1385,0.0,0.0,-0.0,0.0,0.0,0.0,0.0,70187.0
1386,0.0,0.0,-0.0,0.0,0.0,0.0,0.0,70237.0
1387,0.0,0.0,-0.0,0.0,0.0,0.0,0.0,70287.0
1388,0.0,0.0,-0.0,0.0,0.0,0.0,0.0,70337.0
1389,0.0,0.0,-0.0,0.0,0.0,0.0,0.0,70388.0
1390,0.0,0.0,-0.0,0.0,0.0,0.0,0.0,70438.0
1391,0.0,0.0,-0.0,0.0,0.0,0.0,0.0,70489.0
1392,0.0,0.0,-0.0,0.0,0.0,0.0,0.0,70539.0
1393,0.0,0.0,-0.0,0.0,0.0,0.0,0.0,70590.0
1394,0.0,0.0,-0.0,0.0,0.0,0.0,0.0,70640.0
1395,0.0,0.0,-0.0,0.0,0.0,0.0,0.0,70690.0
1396,0.0,0.0,-0.0,0.0,0.0,0.0,0.0,70740.0
1397,0.0,0.0,-0.0,0.0,0.0,0.0,0.0,70792.0
1398,0.0,0.0,-0.0,0.0,0.0,0.0,0.0,70842.0
1399,0.0,0.0,-0.0,0.0,0.0,0.0,0.0,70892.0
1400,0.0,0.0,-0.0,0.0,0.0,0.0,0.0,70942.0
1401,0.0,0.0,-0.0,0.0,0.0,0.0,0.0,70992.0
1402,0.0,0.0,-0.0,0.0,0.0,0.0,0.0,71044.0
1403,0.0,0.0,-0.0,0.0,0.0,0.0,0.0,71094.0
1404,0.0,0.0,-0.0,0.0,0.0,0.0,0.0,71144.0
1405,0.0,-0.0,-0.0,0.0,0.0,0.0,0.0,71194.0
1406,0.0,-0.0,-0.0,0.0,0.0,0.0,0.0,71245.0
1407,0.0,-0.0,-0.0,0.0,0.0,0.0,0.0,71296.0
1408,0.0,-0.0,-0.0,0.0,0.0,0.0,0.0,71346.0
1409,0.0,-0.0,-0.0,0.0,0.0,0.0,0.0,71396.0
1410,0.0,-0.0,-0.0,0.0,0.0,0.0,0.0,71447.0
1411,0.0,-0.0,-0.0,0.0,0.0,0.0,0.0,71497.0
1412,0.0,-0.0,-0.0,0.0,0.0,0.0,0.0,71547.0
1413,0.0,-0.0,-0.0,0.0,0.0,0.0,0.0,71598.0
1414,0.0,-0.0,-0.0,0.0,0.0,0.0,0.0,71648.0
1415,0.0,-0.0,-0.0,0.0,0.0,0.0,0.0,71699.0
1416,0.0,-0.0,-0.0,0.0,0.0,0.0,0.0,71749.0
1417,0.0,-0.0,-0.0,0.0,0.0,0.0,0.0,71799.0
1418,0.0,-0.0,-0.0,0.0,0.0,0.0,0.0,71849.0
1419,0.0,-0.0,-0.0,0.0,0.0,0.0,0.0,71901.0
1420,0.0,-0.0,0.0,0.0,0.0,0.0,0.0,71951.0
1421,0.0,-0.0,0.0,0.0,0.0,0.0,0.0,72001.0
1422,0.0,-0.0,0.0,0.0,0.0,0.0,0.0,72051.0
1423,0.0,-0.0,0.0,0.0,0.0,0.0,0.0,72102.0
1424,0.0,-0.0,0.0,0.0,0.0,0.0,0.0,72153.0
1425,0.0,-0.0,0.0,0.0,0.0,0.0,0.0,72203.0
1426,0.0,-0.0,0.0,0.0,0.0,0.0,0.0,72253.0
1427,0.0,-0.0,0.0,0.0,0.0,0.0,0.0,72303.0
1428,0.0,-0.0,0.0,0.0,0.0,0.0,0.0,72354.0
1429,0.0,-0.0,0.0,0.0,0.0,0.0,0.0,72404.0
1430,0.0,-0.0,0.0,0.0,0.0,0.0,0.0,72455.0
1431,0.0,-0.0,0.0,0.0,0.0,0.0,0.0,72505.0
1432,0.0,-0.0,0.0,0.0,0.0,0.0,0.0,72556.0
1433,0.0,-0.0,0.0,0.0,0.0,0.0,0.0,72606.0
1434,0.0,-0.0,0.0,0.0,0.0,0.0,0.0,72656.0
1435,0.0,-0.0,0.0,-0.0,0.0,0.0,0.0,72707.0
1436,0.0,-0.0,0.0,-0.0,0.0,0.0,0.0,72758.0
1437,0.0,-0.0,0.0,-0.0,0.0,0.0,0.0,72808.0
1438,0.0,-0.0,0.0,-0.0,0.0,0.0,0.0,72858.0
1439,0.0,-0.0,0.0,-0.0,0.0,0.0,0.0,72908.0
1440,0.0,-0.0,0.0,-0.0,0.0,0.0,0.0,72958.0
1441,0.0,-0.0,0.0,-0.0,0.0,0.0,0.0,73010.0
1442,0.0,-0.0,0.0,-0.0,0.0,0.0,0.0,73060.0
1443,0.0,-0.0,0.0,-0.0,0.0,0.0,0.0,73110.0
1444,0.0,-0.0,0.0,-0.0,0.0,0.0,0.0,73160.0
1445,0.0,-0.0,0.0,-0.0,0.0,0.0,0.0,73211.0
1446,0.0,-0.0,0.0,-0.0,0.0,0.0,0.0,73262.0
1447,0.0,-0.0,0.0,-0.0,0.0,0.0,0.0,73312.0
1448,0.0,-0.0,0.0,-0.0,0.0,0.0,0.0,73362.0
1449,0.0,-0.0,0.0,-0.0,0.0,0.0,0.0,73413.0
1450,0.0,-0.0,0.0,-0.0,0.0,0.0,0.0,73463.0
1451,0.0,-0.0,0.0,-0.0,0.0,0.0,0.0,73513.0
1452,0.0,-0.0,0.0,-0.0,0.0,0.0,0.0,73564.0
1453,0.0,-0.0,0.0,-0.0,0.0,0.0,0.0,73614.0
1454,0.0,-0.0,0.0,-0.0,0.0,0.0,0.0,73665.0
1455,0.0,-0.0,0.0,-0.0,0.0,0.0,0.0,73715.0
1456,0.0,-0.0,0.0,-0.0,0.0,0.0,0.0,73765.0
1457,0.0,-0.0,0.0,-0.0,0.0,0.0,0.0,73816.0
1458,0.0,-0.0,0.0,-0.0,0.0,0.0,0.0,73867.0
1459,0.0,-0.0,0.0,-0.0,0.0,0.0,0.0,73917.0
1460,0.0,-0.0,0.0,-0.0,0.0,0.0,0.0,73967.0
1461,0.0,-0.0,0.0,-0.0,0.0,0.0,0.0,74017.0
1462,0.0,-0.0,0.0,-0.0,0.0,0.0,0.0,74068.0
1463,0.0,-0.0,0.0,-0.0,0.0,0.0,0.0,74119.0
1464,0.0,-0.0,0.0,-0.0,0.0,0.0,0.0,74169.0
1465,0.0,0.0,0.0,-0.0,0.0,0.0,0.0,74219.0
1466,0.0,0.0,0.0,-0.0,0.0,0.0,0.0,74269.0
1467,0.0,0.0,0.0,-0.0,0.0,0.0,0.0,74320.0
1468,0.0,0.0,0.0,-0.0,0.0,0.0,0.0,74371.0
1469,0.0,0.0,0.0,-0.0,0.0,0.0,0.0,74421.0
1470,0.0,0.0,0.0,-0.0,0.0,0.0,0.0,74471.0
1471,0.0,0.0,0.0,-0.0,0.0,0.0,0.0,74522.0
1472,0.0,0.0,0.0,-0.0,0.0,0.0,0.0,74572.0
1473,0.0,0.0,0.0,-0.0,0.0,0.0,0.0,74622.0
1474,0.0,0.0,0.0,-0.0,0.0,0.0,0.0,74673.0
1475,0.0,0.0,0.0,-0.0,0.0,0.0,0.0,74724.0
1476,0.0,0.0,0.0,-0.0,0.0,0.0,0.0,74774.0
1477,0.0,0.0,0.0,-0.0,0.0,0.0,0.0,74824.0
1478,0.0,0.0,0.0,-0.0,0.0,0.0,0.0,74874.0
1479,0.0,0.0,-0.0,-0.0,0.0,0.0,0.0,74925.0
1480,0.0,0.0,-0.0,-0.0,0.0,0.0,0.0,74976.0
1481,0.0,0.0,-0.0,-0.0,0.0,0.0,0.0,75026.0
1482,0.0,0.0,-0.0,-0.0,0.0,0.0,0.0,75076.0
1483,0.0,0.0,-0.0,-0.0,0.0,0.0,0.0,75126.0
1484,0.0,0.0,-0.0,-0.0,0.0,0.0,0.0,75177.0
1485,0.0,0.0,-0.0,-0.0,0.0,0.0,0.0,75228.0
1486,0.0,0.0,-0.0,-0.0,0.0,0.0,0.0,75278.0
1487,0.0,0.0,-0.0,-0.0,0.0,0.0,0.0,75328.0
1488,0.0,0.0,-0.0,-0.0,0.0,0.0,0.0,75379.0
1489,0.0,0.0,-0.0,-0.0,0.0,0.0,0.0,75429.0
1490,0.0,0.0,-0.0,-0.0,0.0,0.0,0.0,75480.0
1491,0.0,0.0,-0.0,-0.0,0.0,0.0,0.0,75530.0
1492,0.0,0.0,-0.0,-0.0,0.0,0.0,0.0,75580.0
1493,0.0,0.0,-0.0,-0.0,0.0,0.0,0.0,75631.0
1494,0.0,0.0,-0.0,0.0,0.0,0.0,0.0,75681.0
1495,0.0,0.0,-0.0,0.0,0.0,0.0,0.0,75731.0
1496,0.0,0.0,-0.0,0.0,0.0,0.0,0.0,75782.0
1497,0.0,0.0,-0.0,0.0,0.0,0.0,0.0,75833.0
1498,0.0,0.0,-0.0,0.0,0.0,0.0,0.0,75883.0
1499,0.0,0.0,-0.0,0.0,0.0,0.0,0.0,75933.0
1500,0.0,0.0,-0.0,0.0,0.0,0.0,0.0,75983.0
1501,0.0,0.0,-0.0,0.0,0.0,0.0,0.0,76035.0
1502,0.0,0.0,-0.0,0.0,0.0,0.0,0.0,76085.0
1503,0.0,0.0,-0.0,0.0,0.0,0.0,0.0,76135.0
1504,0.0,0.0,-0.0,0.0,0.0,0.0,0.0,76185.0
1505,0.0,0.0,-0.0,0.0,0.0,0.0,0.0,76235.0
1506,0.0,0.0,-0.0,0.0,0.0,0.0,0.0,76286.0
1507,0.0,0.0,-0.0,0.0,0.0,0.0,0.0,76337.0
1508,0.0,0.0,-0.0,0.0,0.0,0.0,0.0,76387.0
1509,0.0,0.0,-0.0,0.0,0.0,0.0,0.0,76437.0
1510,0.0,0.0,-0.0,0.0,0.0,0.0,0.0,76488.0
1511,0.0,0.0,-0.0,0.0,0.0,0.0,0.0,76538.0
1512,0.0,0.0,-0.0,0.0,0.0,0.0,0.0,76589.0
1513,0.0,0.0,-0.0,0.0,0.0,0.0,0.0,76639.0
1514,0.0,0.0,-0.0,0.0,0.0,0.0,0.0,76690.0
1515,0.0,0.0,-0.0,0.0,0.0,0.0,0.0,76740.0
1516,0.0,0.0,-0.0,0.0,0.0,0.0,0.0,76790.0
1517,0.0,0.0,-0.0,0.0,0.0,0.0,0.0,76840.0
1518,0.0,0.0,-0.0,0.0,0.0,0.0,0.0,76891.0
1519,0.0,0.0,-0.0,0.0,0.0,0.0,0.0,76942.0
1520,0.0,0.0,-0.0,0.0,0.0,0.0,0.0,76992.0
1521,0.0,0.0,-0.0,0.0,0.0,0.0,0.0,77042.0
1522,0.0,0.0,-0.0,0.0,0.0,0.0,0.0,77092.0
1523,0.0,0.0,-0.0,0.0,0.0,0.0,0.0,77144.0
1524,0.0,-0.0,-0.0,0.0,0.0,0.0,0.0,77194.0
1525,0.0,-0.0,-0.0,0.0,0.0,0.0,0.0,77244.0
1526,0.0,-0.0,-0.0,0.0,0.0,0.0,0.0,77294.0
1527,0.0,-0.0,-0.0,0.0,0.0,0.0,0.0,77345.0
1528,0.0,-0.0,-0.0,0.0,0.0,0.0,0.0,77395.0
1529,0.0,-0.0,-0.0,0.0,0.0,0.0,0.0,77446.0
1530,0.0,-0.0,-0.0,0.0,0.0,0.0,0.0,77496.0
1531,0.0,-0.0,-0.0,0.0,0.0,0.0,0.0,77546.0
1532,0.0,-0.0,-0.0,0.0,0.0,0.0,0.0,77597.0
1533,0.0,-0.0,-0.0,0.0,0.0,0.0,0.0,77647.0
1534,0.0,-0.0,-0.0,0.0,0.0,0.0,0.0,77698.0
1535,0.0,-0.0,-0.0,0.0,0.0,0.0,0.0,77748.0
1536,0.0,-0.0,-0.0,0.0,0.0,0.0,0.0,77799.0
1537,0.0,-0.0,-0.0,0.0,0.0,0.0,0.0,77849.0
1538,0.0,-0.0,-0.0,0.0,0.0,0.0,0.0,77899.0
1539,0.0,-0.0,0.0,0.0,0.0,0.0,0.0,77949.0
1540,0.0,-0.0,0.0,0.0,0.0,0.0,0.0,78001.0
1541,0.0,-0.0,0.0,0.0,0.0,0.0,0.0,78051.0
1542,0.0,-0.0,0.0,0.0,0.0,0.0,0.0,78101.0
1543,0.0,-0.0,0.0,0.0,0.0,0.0,0.0,78151.0
1544,0.0,-0.0,0.0,0.0,0.0,0.0,0.0,78201.0
1545,0.0,-0.0,0.0,0.0,0.0,0.0,0.0,78253.0
1546,0.0,-0.0,0.0,0.0,0.0,0.0,0.0,78303.0
1547,0.0,-0.0,0.0,0.0,0.0,0.0,0.0,78353.0
1548,0.0,-0.0,0.0,0.0,0.0,0.0,0.0,78403.0
1549,0.0,-0.0,0.0,0.0,0.0,0.0,0.0,78454.0
1550,0.0,-0.0,0.0,0.0,0.0,0.0,0.0,78504.0
1551,0.0,-0.0,0.0,0.0,0.0,0.0,0.0,78555.0
1552,0.0,-0.0,0.0,0.0,0.0,0.0,0.0,78605.0
1553,0.0,-0.0,0.0,0.0,0.0,0.0,0.0,78656.0
1554,0.0,-0.0,0.0,-0.0,0.0,0.0,0.0,78706.0
1555,0.0,-0.0,0.0,-0.0,0.0,0.0,0.0,78756.0
1556,0.0,-0.0,0.0,-0.0,0.0,0.0,0.0,78807.0
1557,0.0,-0.0,0.0,-0.0,0.0,0.0,0.0,78857.0
1558,0.0,-0.0,0.0,-0.0,0.0,0.0,0.0,78908.0
1559,0.0,-0.0,0.0,-0.0,0.0,0.0,0.0,78958.0
1560,0.0,-0.0,0.0,-0.0,0.0,0.0,0.0,79008.0
1561,0.0,-0.0,0.0,-0.0,0.0,0.0,0.0,79058.0
1562,0.0,-0.0,0.0,-0.0,0.0,0.0,0.0,79110.0
1563,0.0,-0.0,0.0,-0.0,0.0,0.0,0.0,79160.0
1564,0.0,-0.0,0.0,-0.0,0.0,0.0,0.0,79210.0
1565,0.0,-0.0,0.0,-0.0,0.0,0.0,0.0,79260.0
1566,0.0,-0.0,0.0,-0.0,0.0,0.0,0.0,79311.0
1567,0.0,-0.0,0.0,-0.0,0.0,0.0,0.0,79362.0
1568,0.0,-0.0,0.0,-0.0,0.0,0.0,0.0,79412.0
1569,0.0,-0.0,0.0,-0.0,0.0,0.0,0.0,79462.0
1570,0.0,-0.0,0.0,-0.0,0.0,0.0,0.0,79512.0
1571,0.0,-0.0,0.0,-0.0,0.0,0.0,0.0,79563.0
1572,0.0,-0.0,0.0,-0.0,0.0,0.0,0.0,79613.0
1573,0.0,-0.0,0.0,-0.0,0.0,0.0,0.0,79664.0
1574,0.0,-0.0,0.0,-0.0,0.0,0.0,0.0,79714.0
1575,0.0,-0.0,0.0,-0.0,0.0,0.0,0.0,79765.0
1576,0.0,-0.0,0.0,-0.0,0.0,0.0,0.0,79815.0
1577,0.0,-0.0,0.0,-0.0,0.0,0.0,0.0,79865.0
1578,0.0,-0.0,0.0,-0.0,0.0,0.0,0.0,79916.0
1579,0.0,-0.0,0.0,-0.0,0.0,0.0,0.0,79966.0
1580,0.0,-0.0,0.0,-0.0,0.0,0.0,0.0,80017.0
1581,0.0,-0.0,0.0,-0.0,0.0,0.0,0.0,80067.0
1582,0.0,-0.0,0.0,-0.0,0.0,0.0,0.0,80117.0
1583,0.0,-0.0,0.0,-0.0,0.0,0.0,0.0,80167.0
1584,0.0,0.0,0.0,-0.0,0.0,0.0,0.0,80219.0
1585,0.0,0.0,0.0,-0.0,0.0,0.0,0.0,80269.0
1586,0.0,0.0,0.0,-0.0,0.0,0.0,0.0,80319.0
1587,0.0,0.0,0.0,-0.0,0.0,0.0,0.0,80369.0
1588,0.0,0.0,0.0,-0.0,0.0,0.0,0.0,80420.0
1589,0.0,0.0,0.0,-0.0,0.0,0.0,0.0,80471.0
1590,0.0,0.0,0.0,-0.0,0.0,0.0,0.0,80521.0
1591,0.0,0.0,0.0,-0.0,0.0,0.0,0.0,80571.0
1592,0.0,0.0,0.0,-0.0,0.0,0.0,0.0,80621.0
1593,0.0,0.0,0.0,-0.0,0.0,0.0,0.0,80672.0
1594,0.0,0.0,0.0,-0.0,0.0,0.0,0.0,80722.0
1595,0.0,0.0,0.0,-0.0,0.0,0.0,0.0,80773.0
1596,0.0,0.0,0.0,-0.0,0.0,0.0,0.0,80823.0
1597,0.0,0.0,0.0,-0.0,0.0,0.0,0.0,80874.0
1598,0.0,0.0,0.0,-0.0,0.0,0.0,0.0,80924.0
1599,0.0,0.0,-0.0,-0.0,0.0,0.0,0.0,80974.0
1600,0.0,0.0,-0.0,-0.0,0.0,0.0,0.0,81025.0
1601,0.0,0.0,-0.0,-0.0,0.0,0.0,0.0,81076.0
1602,0.0,0.0,-0.0,-0.0,0.0,0.0,0.0,81126.0
1603,0.0,0.0,-0.0,-0.0,0.0,0.0,0.0,81176.0
1604,0.0,0.0,-0.0,-0.0,0.0,0.0,0.0,81226.0
1605,0.0,0.0,-0.0,-0.0,0.0,0.0,0.0,81276.0
1606,0.0,0.0,-0.0,-0.0,0.0,0.0,0.0,81328.0
1607,0.0,0.0,-0.0,-0.0,0.0,0.0,0.0,81378.0
1608,0.0,0.0,-0.0,-0.0,0.0,0.0,0.0,81428.0
1609,0.0,0.0,-0.0,-0.0,0.0,0.0,0.0,81478.0
1610,0.0,0.0,-0.0,-0.0,0.0,0.0,0.0,81529.0
1611,0.0,0.0,-0.0,-0.0,0.0,0.0,0.0,81580.0
1612,0.0,0.0,-0.0,-0.0,0.0,0.0,0.0,81630.0
1613,0.0,0.0,-0.0,-0.0,0.0,0.0,0.0,81680.0
1614,0.0,0.0,-0.0,0.0,0.0,0.0,0.0,81731.0
1615,0.0,0.0,-0.0,0.0,0.0,0.0,0.0,81781.0
1616,0.0,0.0,-0.0,0.0,0.0,0.0,0.0,81831.0
1617,0.0,0.0,-0.0,0.0,0.0,0.0,0.0,81882.0
1618,0.0,0.0,-0.0,0.0,0.0,0.0,0.0,81932.0
1619,0.0,0.0,-0.0,0.0,0.0,0.0,0.0,81983.0
1620,0.0,0.0,-0.0,0.0,0.0,0.0,0.0,82033.0
1621,0.0,0.0,-0.0,0.0,0.0,0.0,0.0,82083.0
1622,0.0,0.0,-0.0,0.0,0.0,0.0,0.0,82134.0
1623,0.0,0.0,-0.0,0.0,0.0,0.0,0.0,82185.0
1624,0.0,0.0,-0.0,0.0,0.0,0.0,0.0,82235.0
1625,0.0,0.0,-0.0,0.0,0.0,0.0,0.0,82285.0
1626,0.0,0.0,-0.0,0.0,0.0,0.0,0.0,82335.0
1627,0.0,0.0,-0.0,0.0,0.0,0.0,0.0,82385.0
1628,0.0,0.0,-0.0,0.0,0.0,0.0,0.0,82437.0
1629,0.0,0.0,-0.0,0.0,0.0,0.0,0.0,82487.0
1630,0.0,0.0,-0.0,0.0,0.0,0.0,0.0,82537.0
1631,0.0,0.0,-0.0,0.0,0.0,0.0,0.0,82587.0
1632,0.0,0.0,-0.0,0.0,0.0,0.0,0.0,82638.0
1633,0.0,0.0,-0.0,0.0,0.0,0.0,0.0,82689.0
1634,0.0,0.0,-0.0,0.0,0.0,0.0,0.0,82739.0
1635,0.0,0.0,-0.0,0.0,0.0,0.0,0.0,82789.0
1636,0.0,0.0,-0.0,0.0,0.0,0.0,0.0,82840.0
1637,0.0,0.0,-0.0,0.0,0.0,0.0,0.0,82890.0
1638,0.0,0.0,-0.0,0.0,0.0,0.0,0.0,82940.0
1639,0.0,0.0,-0.0,0.0,0.0,0.0,0.0,82991.0
1640,0.0,0.0,-0.0,0.0,0.0,0.0,0.0,83041.0
1641,0.0,0.0,-0.0,0.0,0.0,0.0,0.0,83092.0
1642,0.0,0.0,-0.0,0.0,0.0,0.0,0.0,83142.0
1643,0.0,0.0,-0.0,0.0,0.0,0.0,0.0,83192.0
1644,0.0,-0.0,-0.0,0.0,0.0,0.0,0.0,83243.0
1645,0.0,-0.0,-0.0,0.0,0.0,0.0,0.0,83294.0
1646,0.0,-0.0,-0.0,0.0,0.0,0.0,0.0,83344.0
1647,0.0,-0.0,-0.0,0.0,0.0,0.0,0.0,83394.0
1648,0.0,-0.0,-0.0,0.0,0.0,0.0,0.0,83444.0
1649,0.0,-0.0,-0.0,0.0,0.0,0.0,0.0,83495.0
1650,0.0,-0.0,-0.0,0.0,0.0,0.0,0.0,83546.0
1651,0.0,-0.0,-0.0,0.0,0.0,0.0,0.0,83596.0
1652,0.0,-0.0,-0.0,0.0,0.0,0.0,0.0,83646.0
1653,0.0,-0.0,-0.0,0.0,0.0,0.0,0.0,83696.0
1654,0.0,-0.0,-0.0,0.0,0.0,0.0,0.0,83747.0
1655,0.0,-0.0,-0.0,0.0,0.0,0.0,0.0,83798.0
1656,0.0,-0.0,-0.0,0.0,0.0,0.0,0.0,83848.0
1657,0.0,-0.0,-0.0,0.0,0.0,0.0,0.0,83898.0
1658,0.0,-0.0,-0.0,0.0,0.0,0.0,0.0,83949.0
1659,0.0,-0.0,0.0,0.0,0.0,0.0,0.0,83999.0
1660,0.0,-0.0,0.0,0.0,0.0,0.0,0.0,84049.0
1661,0.0,-0.0,0.0,0.0,0.0,0.0,0.0,84100.0
1662,0.0,-0.0,0.0,0.0,0.0,0.0,0.0,84151.0
1663,0.0,-0.0,0.0,0.0,0.0,0.0,0.0,84201.0
1664,0.0,-0.0,0.0,0.0,0.0,0.0,0.0,84251.0
1665,0.0,-0.0,0.0,0.0,0.0,0.0,0.0,84301.0
1666,0.0,-0.0,0.0,0.0,0.0,0.0,0.0,84352.0
1667,0.0,-0.0,0.0,0.0,0.0,0.0,0.0,84403.0
1668,0.0,-0.0,0.0,0.0,0.0,0.0,0.0,84453.0
1669,0.0,-0.0,0.0,0.0,0.0,0.0,0.0,84503.0
1670,0.0,-0.0,0.0,0.0,0.0,0.0,0.0,84553.0
1671,0.0,-0.0,0.0,0.0,0.0,0.0,0.0,84604.0
1672,0.0,-0.0,0.0,0.0,0.0,0.0,0.0,84655.0
